;02_FL100_2_1_1_1;02_FL100_2_2_1_1;02_FL100_2_3_1_1;02_FL100_2_4_1_1;02_FL100_2_5_1_1;02_FL100_2_6_1_1;02_FL100_2_7_1_1;02_FL100_2_8_1_1;02_FL100_2_9_1_1;02_FL100_2_10_1_1;02_FL100_2_11_1_1;02_FL100_2_12_1_1;02_FL100_2_13_1_1;02_FL100_2_14_1_1;02_FL100_2_15_1_1;02_FL100_2_16_1_1;02_FL100_2_17_1_1;02_FL100_2_18_1_1
2.0000000000e-07;9.5291569997e-01;9.5191060731e-01;9.4534251163e-01;9.4773501096e-01;9.5540123842e-01;9.5687192131e-01;9.6394558612e-01;9.5881064914e-01;9.6608408096e-01;9.4032197084e-01;9.5422866083e-01;9.5773575641e-01;9.6448051624e-01;9.6431452346e-01;9.5412011779e-01;9.5683055586e-01;9.6461736202e-01;9.6373172555e-01
4.0000000000e-07;1.0446803092e+00;1.0413281134e+00;1.0325325916e+00;1.0387014027e+00;1.0461617479e+00;1.0468375601e+00;1.0553892322e+00;1.0486876939e+00;1.0583497818e+00;1.0286302333e+00;1.0439807882e+00;1.0493363072e+00;1.0558253744e+00;1.0564401057e+00;1.0439449288e+00;1.0485118213e+00;1.0550968536e+00;1.0556982755e+00
6.0000000000e-07;1.0433818579e+00;1.0413652537e+00;1.0333225923e+00;1.0374714307e+00;1.0463605505e+00;1.0461883704e+00;1.0545429243e+00;1.0469875631e+00;1.0585301723e+00;1.0288152132e+00;1.0430962389e+00;1.0466032756e+00;1.0558491391e+00;1.0554978276e+00;1.0430391936e+00;1.0484706996e+00;1.0536337746e+00;1.0540870019e+00
8.0000000000e-07;1.0426726889e+00;1.0400796728e+00;1.0313754075e+00;1.0369014988e+00;1.0452276970e+00;1.0443103695e+00;1.0541497973e+00;1.0455343952e+00;1.0568197178e+00;1.0280441674e+00;1.0418154080e+00;1.0467756601e+00;1.0549687528e+00;1.0535042418e+00;1.0428743590e+00;1.0454439808e+00;1.0540049130e+00;1.0528082407e+00
1.0000000000e-06;1.0442377279e+00;1.0414827622e+00;1.0337916550e+00;1.0386889864e+00;1.0466860901e+00;1.0459992161e+00;1.0548583791e+00;1.0482616193e+00;1.0577228017e+00;1.0291916016e+00;1.0440800423e+00;1.0486499962e+00;1.0560894698e+00;1.0547112362e+00;1.0436670722e+00;1.0479165342e+00;1.0541207593e+00;1.0551702197e+00
1.2000000000e-06;1.0425834438e+00;1.0389798763e+00;1.0311893970e+00;1.0367007169e+00;1.0432590543e+00;1.0451102435e+00;1.0530383692e+00;1.0455724571e+00;1.0554185875e+00;1.0279083229e+00;1.0424872104e+00;1.0466475232e+00;1.0553677757e+00;1.0540144153e+00;1.0416466786e+00;1.0465091493e+00;1.0538300810e+00;1.0528528851e+00
1.4000000000e-06;1.0430505213e+00;1.0406203454e+00;1.0322744497e+00;1.0353670647e+00;1.0462981577e+00;1.0452316541e+00;1.0538525113e+00;1.0461397811e+00;1.0567151133e+00;1.0280952287e+00;1.0413299642e+00;1.0469392737e+00;1.0542569234e+00;1.0545012664e+00;1.0431830486e+00;1.0472497845e+00;1.0532584427e+00;1.0534008305e+00
1.6000000000e-06;1.0433761557e+00;1.0398618451e+00;1.0316773601e+00;1.0373657835e+00;1.0442586047e+00;1.0439174176e+00;1.0536146913e+00;1.0448968737e+00;1.0559448243e+00;1.0295976265e+00;1.0430995007e+00;1.0471011466e+00;1.0547363523e+00;1.0545321959e+00;1.0429763179e+00;1.0470402584e+00;1.0511787069e+00;1.0530906401e+00
1.8000000000e-06;1.0415260235e+00;1.0396510065e+00;1.0304204722e+00;1.0355454029e+00;1.0442768453e+00;1.0445489641e+00;1.0515313875e+00;1.0448844900e+00;1.0556001327e+00;1.0285736288e+00;1.0401699270e+00;1.0459248882e+00;1.0533884492e+00;1.0529514246e+00;1.0406031747e+00;1.0456845684e+00;1.0526140243e+00;1.0527943297e+00
2.0000000000e-06;1.0440256862e+00;1.0399110266e+00;1.0328925620e+00;1.0367420983e+00;1.0450211602e+00;1.0465874180e+00;1.0543250869e+00;1.0476259578e+00;1.0570383800e+00;1.0286003131e+00;1.0428977004e+00;1.0472966505e+00;1.0536775132e+00;1.0557437484e+00;1.0432569595e+00;1.0476727480e+00;1.0523143275e+00;1.0538540184e+00
2.2000000000e-06;1.0403868479e+00;1.0385305712e+00;1.0295772405e+00;1.0347588106e+00;1.0428433475e+00;1.0434299644e+00;1.0520670627e+00;1.0455289446e+00;1.0540136858e+00;1.0281046334e+00;1.0417574724e+00;1.0454802334e+00;1.0516349197e+00;1.0532125908e+00;1.0404730634e+00;1.0447198115e+00;1.0526445359e+00;1.0524974725e+00
2.4000000000e-06;1.0413950530e+00;1.0398583059e+00;1.0310132407e+00;1.0364177660e+00;1.0440264969e+00;1.0437850565e+00;1.0523770638e+00;1.0455065437e+00;1.0548747141e+00;1.0274190894e+00;1.0425257178e+00;1.0465403257e+00;1.0532988780e+00;1.0524817913e+00;1.0423324750e+00;1.0464134242e+00;1.0510912721e+00;1.0522283182e+00
2.6000000000e-06;1.0422543441e+00;1.0382273617e+00;1.0320158186e+00;1.0369094700e+00;1.0433276918e+00;1.0438320306e+00;1.0527313516e+00;1.0455221533e+00;1.0555420649e+00;1.0283027895e+00;1.0420933673e+00;1.0470049338e+00;1.0532580464e+00;1.0542557718e+00;1.0418787774e+00;1.0457645822e+00;1.0530663102e+00;1.0527647977e+00
2.8000000000e-06;1.0416233365e+00;1.0391450351e+00;1.0301038574e+00;1.0360162148e+00;1.0417196364e+00;1.0440840100e+00;1.0516429831e+00;1.0444789311e+00;1.0544358839e+00;1.0259846379e+00;1.0419459213e+00;1.0446072232e+00;1.0529860903e+00;1.0521907364e+00;1.0411004447e+00;1.0444066393e+00;1.0506132809e+00;1.0527865164e+00
3.0000000000e-06;1.0430035369e+00;1.0395867725e+00;1.0314037414e+00;1.0361243150e+00;1.0454909387e+00;1.0433725865e+00;1.0529831063e+00;1.0450618069e+00;1.0571440415e+00;1.0278802725e+00;1.0423421968e+00;1.0472771726e+00;1.0534792813e+00;1.0520974159e+00;1.0431043480e+00;1.0474390390e+00;1.0520839785e+00;1.0510213575e+00
3.2000000000e-06;1.0399209531e+00;1.0377429881e+00;1.0294471062e+00;1.0352639402e+00;1.0417742381e+00;1.0429369440e+00;1.0514979770e+00;1.0433579436e+00;1.0551707390e+00;1.0269361978e+00;1.0400367282e+00;1.0459117047e+00;1.0507064397e+00;1.0515882957e+00;1.0405900206e+00;1.0448809235e+00;1.0492043063e+00;1.0507775490e+00
3.6000000000e-06;1.0411903032e+00;1.0384651333e+00;1.0301303495e+00;1.0347615571e+00;1.0431102447e+00;1.0426288133e+00;1.0523413531e+00;1.0443768860e+00;1.0549575191e+00;1.0272143268e+00;1.0413068026e+00;1.0450353370e+00;1.0510795125e+00;1.0518829912e+00;1.0415672399e+00;1.0442259405e+00;1.0503375665e+00;1.0517283681e+00
4.0000000000e-06;1.0399535549e+00;1.0384566444e+00;1.0306458043e+00;1.0351501873e+00;1.0419334407e+00;1.0432005604e+00;1.0522036270e+00;1.0445619400e+00;1.0535063697e+00;1.0275463888e+00;1.0409763526e+00;1.0447544597e+00;1.0511440964e+00;1.0515926392e+00;1.0410716398e+00;1.0448191871e+00;1.0505464338e+00;1.0500220413e+00
4.4000000000e-06;1.0399275296e+00;1.0377044125e+00;1.0303191671e+00;1.0335118874e+00;1.0418691788e+00;1.0423143270e+00;1.0516679900e+00;1.0437224403e+00;1.0538292452e+00;1.0264914782e+00;1.0405421724e+00;1.0443718823e+00;1.0515190850e+00;1.0523944201e+00;1.0402566416e+00;1.0439225195e+00;1.0495276813e+00;1.0508424476e+00
4.8000000000e-06;1.0406880214e+00;1.0381988516e+00;1.0301157595e+00;1.0339004604e+00;1.0414364562e+00;1.0422783165e+00;1.0499683972e+00;1.0431483186e+00;1.0532271725e+00;1.0264237371e+00;1.0404311877e+00;1.0452013556e+00;1.0516722337e+00;1.0512862997e+00;1.0394452266e+00;1.0434217995e+00;1.0497007540e+00;1.0500817599e+00
5.2000000000e-06;1.0399652292e+00;1.0375640833e+00;1.0296733037e+00;1.0337455688e+00;1.0416422230e+00;1.0417502956e+00;1.0502392619e+00;1.0430647013e+00;1.0528710703e+00;1.0267335230e+00;1.0401337611e+00;1.0439517721e+00;1.0509074032e+00;1.0511902414e+00;1.0396086641e+00;1.0435418148e+00;1.0476927449e+00;1.0501146365e+00
5.6000000000e-06;1.0391357598e+00;1.0366180864e+00;1.0295088240e+00;1.0333275774e+00;1.0407978785e+00;1.0413561359e+00;1.0502610895e+00;1.0425399703e+00;1.0535580594e+00;1.0256947470e+00;1.0401353692e+00;1.0435981017e+00;1.0498712813e+00;1.0508900579e+00;1.0408429346e+00;1.0432053359e+00;1.0495255625e+00;1.0493853293e+00
6.0000000000e-06;1.0397960716e+00;1.0377270084e+00;1.0285176101e+00;1.0346891664e+00;1.0412682188e+00;1.0414387965e+00;1.0501668665e+00;1.0427900309e+00;1.0534537378e+00;1.0261726837e+00;1.0406836902e+00;1.0434882425e+00;1.0510291960e+00;1.0508370490e+00;1.0388164705e+00;1.0431233739e+00;1.0487822877e+00;1.0492782006e+00
6.4000000000e-06;1.0394693211e+00;1.0360087704e+00;1.0293236598e+00;1.0332076035e+00;1.0403911434e+00;1.0410669067e+00;1.0497637864e+00;1.0417097890e+00;1.0518205313e+00;1.0261222030e+00;1.0392764315e+00;1.0442821213e+00;1.0498106766e+00;1.0508842008e+00;1.0387064804e+00;1.0433463986e+00;1.0478416472e+00;1.0497294088e+00
7.2000000000e-06;1.0379081273e+00;1.0361104985e+00;1.0284659580e+00;1.0332823060e+00;1.0396115532e+00;1.0402321786e+00;1.0491502306e+00;1.0414077073e+00;1.0520368541e+00;1.0250080306e+00;1.0398073165e+00;1.0436559241e+00;1.0498242695e+00;1.0503342130e+00;1.0382004410e+00;1.0425671319e+00;1.0484033304e+00;1.0495355818e+00
8.0000000000e-06;1.0379996522e+00;1.0365266734e+00;1.0286739983e+00;1.0332784096e+00;1.0396557498e+00;1.0408442711e+00;1.0485060505e+00;1.0414974527e+00;1.0506995466e+00;1.0253231947e+00;1.0391323378e+00;1.0428210121e+00;1.0485322189e+00;1.0498487830e+00;1.0383685343e+00;1.0421044588e+00;1.0474085665e+00;1.0485463167e+00
8.8000000000e-06;1.0381713453e+00;1.0354680943e+00;1.0275140078e+00;1.0326027183e+00;1.0389012252e+00;1.0399094935e+00;1.0487434475e+00;1.0402414350e+00;1.0509496422e+00;1.0248646486e+00;1.0387550252e+00;1.0425932647e+00;1.0485065792e+00;1.0487523142e+00;1.0376415706e+00;1.0419013907e+00;1.0467241783e+00;1.0480847871e+00
9.6000000000e-06;1.0368250715e+00;1.0352151851e+00;1.0279870843e+00;1.0323213991e+00;1.0379725281e+00;1.0393465296e+00;1.0477892853e+00;1.0403008817e+00;1.0504295756e+00;1.0249333004e+00;1.0386395190e+00;1.0424101330e+00;1.0478064970e+00;1.0491879252e+00;1.0374264139e+00;1.0412709562e+00;1.0455180682e+00;1.0478025515e+00
1.0400000000e-05;1.0374223575e+00;1.0353598559e+00;1.0277817839e+00;1.0318652835e+00;1.0380253872e+00;1.0393341490e+00;1.0478475003e+00;1.0403403306e+00;1.0499911301e+00;1.0244536919e+00;1.0389213096e+00;1.0413287817e+00;1.0467529127e+00;1.0484956495e+00;1.0367329568e+00;1.0408325207e+00;1.0459839110e+00;1.0474647965e+00
1.1200000000e-05;1.0366226328e+00;1.0348848879e+00;1.0271721105e+00;1.0316079444e+00;1.0379048062e+00;1.0388717682e+00;1.0465628555e+00;1.0399023660e+00;1.0500552174e+00;1.0245860327e+00;1.0383517831e+00;1.0407990286e+00;1.0475881625e+00;1.0481374545e+00;1.0367184607e+00;1.0404068986e+00;1.0447072522e+00;1.0462729789e+00
1.2000000000e-05;1.0361074093e+00;1.0342732553e+00;1.0275139044e+00;1.0314066514e+00;1.0379599382e+00;1.0377789912e+00;1.0463655748e+00;1.0394502859e+00;1.0502247205e+00;1.0242423056e+00;1.0379717354e+00;1.0403623035e+00;1.0464154602e+00;1.0480654039e+00;1.0363776584e+00;1.0395749701e+00;1.0451330704e+00;1.0460062195e+00
1.2800000000e-05;1.0360883244e+00;1.0341317860e+00;1.0269759126e+00;1.0308291600e+00;1.0371052767e+00;1.0375623679e+00;1.0465997236e+00;1.0393933134e+00;1.0494738406e+00;1.0238861464e+00;1.0376834150e+00;1.0408258416e+00;1.0458448669e+00;1.0472038691e+00;1.0357633079e+00;1.0401728697e+00;1.0445741412e+00;1.0463083826e+00
1.4400000000e-05;1.0359072629e+00;1.0337179982e+00;1.0260907343e+00;1.0304576128e+00;1.0371861689e+00;1.0370839331e+00;1.0454888894e+00;1.0377043852e+00;1.0488255154e+00;1.0236853050e+00;1.0372733574e+00;1.0396876432e+00;1.0455547005e+00;1.0469945532e+00;1.0354779685e+00;1.0393325030e+00;1.0430545694e+00;1.0461871108e+00
1.6000000000e-05;1.0345233002e+00;1.0334121619e+00;1.0259780308e+00;1.0297808893e+00;1.0363993552e+00;1.0366277936e+00;1.0448857351e+00;1.0373375401e+00;1.0486810888e+00;1.0231276236e+00;1.0367752719e+00;1.0393765726e+00;1.0441730882e+00;1.0471363074e+00;1.0349553782e+00;1.0388514481e+00;1.0427991695e+00;1.0443182609e+00
1.7600000000e-05;1.0341140147e+00;1.0325425268e+00;1.0254772772e+00;1.0300373322e+00;1.0358505466e+00;1.0360542921e+00;1.0443407072e+00;1.0368310168e+00;1.0480484123e+00;1.0229182100e+00;1.0361964509e+00;1.0385683012e+00;1.0440396967e+00;1.0460551374e+00;1.0343095453e+00;1.0381380436e+00;1.0418758633e+00;1.0439113707e+00
1.9200000000e-05;1.0336290409e+00;1.0322616065e+00;1.0255272139e+00;1.0289510366e+00;1.0354477131e+00;1.0350981338e+00;1.0437469309e+00;1.0357952785e+00;1.0473670146e+00;1.0221956636e+00;1.0361850060e+00;1.0384212847e+00;1.0435585483e+00;1.0456852939e+00;1.0342963759e+00;1.0375192608e+00;1.0418034049e+00;1.0439417832e+00
2.0800000000e-05;1.0328791003e+00;1.0317928664e+00;1.0249416223e+00;1.0286924837e+00;1.0344346756e+00;1.0349023941e+00;1.0434469336e+00;1.0359428785e+00;1.0463781714e+00;1.0219757436e+00;1.0355518371e+00;1.0377281157e+00;1.0428551975e+00;1.0448977076e+00;1.0335295574e+00;1.0374985021e+00;1.0411343016e+00;1.0427295097e+00
2.2400000000e-05;1.0331041268e+00;1.0311338388e+00;1.0246644517e+00;1.0281124132e+00;1.0343505881e+00;1.0347778628e+00;1.0430384943e+00;1.0350455512e+00;1.0464222432e+00;1.0220066097e+00;1.0355041767e+00;1.0373044321e+00;1.0423331412e+00;1.0447455552e+00;1.0330693718e+00;1.0365403243e+00;1.0406081063e+00;1.0421685585e+00
2.4000000000e-05;1.0317860741e+00;1.0311033393e+00;1.0244182634e+00;1.0278846755e+00;1.0334318660e+00;1.0342897672e+00;1.0429163519e+00;1.0350396547e+00;1.0458357562e+00;1.0216798798e+00;1.0352528038e+00;1.0373959434e+00;1.0421355154e+00;1.0444824652e+00;1.0326684042e+00;1.0369790075e+00;1.0400485444e+00;1.0421924837e+00
2.5600000000e-05;1.0322851209e+00;1.0310899805e+00;1.0238153808e+00;1.0276459104e+00;1.0334771862e+00;1.0334256499e+00;1.0421381608e+00;1.0341028897e+00;1.0454468894e+00;1.0213344354e+00;1.0350521838e+00;1.0370652946e+00;1.0418202695e+00;1.0439232724e+00;1.0325347571e+00;1.0356450266e+00;1.0397089238e+00;1.0418377428e+00
2.8800000000e-05;1.0311914789e+00;1.0303548409e+00;1.0235918300e+00;1.0273661242e+00;1.0322530901e+00;1.0330465901e+00;1.0412193111e+00;1.0334297543e+00;1.0452419069e+00;1.0209911119e+00;1.0345954552e+00;1.0364095030e+00;1.0405929677e+00;1.0437252923e+00;1.0318370632e+00;1.0351461923e+00;1.0385834452e+00;1.0411378677e+00
3.2000000000e-05;1.0307613335e+00;1.0295133698e+00;1.0227943085e+00;1.0267062673e+00;1.0315997997e+00;1.0322358848e+00;1.0409935546e+00;1.0329824686e+00;1.0444106688e+00;1.0208424276e+00;1.0340068096e+00;1.0354817211e+00;1.0400619959e+00;1.0430148137e+00;1.0311150525e+00;1.0347130346e+00;1.0376147058e+00;1.0404353776e+00
3.5200000000e-05;1.0298300002e+00;1.0289904688e+00;1.0226878888e+00;1.0261497779e+00;1.0314262196e+00;1.0313079827e+00;1.0401585007e+00;1.0321300712e+00;1.0433140062e+00;1.0204119511e+00;1.0334353869e+00;1.0348264465e+00;1.0392913884e+00;1.0423884481e+00;1.0306959797e+00;1.0339404683e+00;1.0367765084e+00;1.0393210927e+00
3.8400000000e-05;1.0294126746e+00;1.0285139384e+00;1.0221599652e+00;1.0257835972e+00;1.0304906513e+00;1.0309601029e+00;1.0394283624e+00;1.0318016927e+00;1.0433195082e+00;1.0199877652e+00;1.0334303983e+00;1.0347292626e+00;1.0384236885e+00;1.0418417674e+00;1.0295793052e+00;1.0332127270e+00;1.0360343629e+00;1.0390924778e+00
4.1600000000e-05;1.0290208694e+00;1.0279041368e+00;1.0219871526e+00;1.0251760073e+00;1.0301064298e+00;1.0307015187e+00;1.0388801993e+00;1.0312152566e+00;1.0427494241e+00;1.0196045547e+00;1.0330278127e+00;1.0341882831e+00;1.0379547200e+00;1.0414389140e+00;1.0295134212e+00;1.0324124701e+00;1.0354909810e+00;1.0382849949e+00
4.4800000000e-05;1.0282748966e+00;1.0275944994e+00;1.0218151991e+00;1.0244260340e+00;1.0296612042e+00;1.0297699802e+00;1.0382473045e+00;1.0306037064e+00;1.0421848124e+00;1.0191435646e+00;1.0326974532e+00;1.0341175822e+00;1.0373891612e+00;1.0409515204e+00;1.0290644072e+00;1.0320134441e+00;1.0351117423e+00;1.0379582526e+00
4.8000000000e-05;1.0278082358e+00;1.0271557009e+00;1.0209877679e+00;1.0245332134e+00;1.0290465411e+00;1.0293462017e+00;1.0378537912e+00;1.0301727496e+00;1.0414307599e+00;1.0190127558e+00;1.0325127862e+00;1.0331855811e+00;1.0362643839e+00;1.0406769948e+00;1.0285514636e+00;1.0318120563e+00;1.0346698702e+00;1.0373797116e+00
5.1200000000e-05;1.0272872637e+00;1.0269982948e+00;1.0209259687e+00;1.0239881618e+00;1.0284542036e+00;1.0288725058e+00;1.0371774815e+00;1.0295226695e+00;1.0413762210e+00;1.0187122948e+00;1.0317824499e+00;1.0328093714e+00;1.0365721690e+00;1.0402232310e+00;1.0279973729e+00;1.0313560359e+00;1.0335058310e+00;1.0370993988e+00
5.7600000000e-05;1.0267120993e+00;1.0261954738e+00;1.0206782456e+00;1.0231217084e+00;1.0274762106e+00;1.0278780562e+00;1.0365839056e+00;1.0284746581e+00;1.0406834049e+00;1.0183271509e+00;1.0315953496e+00;1.0321745225e+00;1.0353250643e+00;1.0394711214e+00;1.0271996840e+00;1.0304408838e+00;1.0323569861e+00;1.0361722768e+00
6.4000000000e-05;1.0255471986e+00;1.0255381524e+00;1.0195701021e+00;1.0226499527e+00;1.0270062077e+00;1.0270948742e+00;1.0359677249e+00;1.0279216947e+00;1.0399370840e+00;1.0176536603e+00;1.0310053292e+00;1.0314037261e+00;1.0342201199e+00;1.0390884464e+00;1.0265670296e+00;1.0298371399e+00;1.0319851458e+00;1.0351272640e+00
7.0400000000e-05;1.0250128048e+00;1.0250667053e+00;1.0190804231e+00;1.0220387882e+00;1.0261102937e+00;1.0263457765e+00;1.0351776827e+00;1.0269686403e+00;1.0391326937e+00;1.0172606575e+00;1.0304562801e+00;1.0307058842e+00;1.0335194710e+00;1.0380386099e+00;1.0259102398e+00;1.0290065509e+00;1.0312415848e+00;1.0345496011e+00
7.6800000000e-05;1.0243143182e+00;1.0242644461e+00;1.0187612385e+00;1.0217379579e+00;1.0256595538e+00;1.0257079455e+00;1.0344655718e+00;1.0264194888e+00;1.0383726848e+00;1.0168420068e+00;1.0300638879e+00;1.0303593435e+00;1.0328348598e+00;1.0376914448e+00;1.0254333778e+00;1.0284262022e+00;1.0301360481e+00;1.0339009611e+00
8.3200000000e-05;1.0237178479e+00;1.0239707163e+00;1.0181160371e+00;1.0210107109e+00;1.0249937145e+00;1.0249082121e+00;1.0339414463e+00;1.0257187763e+00;1.0380279935e+00;1.0164897738e+00;1.0295586493e+00;1.0295141736e+00;1.0320487442e+00;1.0369442385e+00;1.0248069932e+00;1.0277013001e+00;1.0293552940e+00;1.0331111394e+00
8.9600000000e-05;1.0230060924e+00;1.0234658135e+00;1.0180250150e+00;1.0204891884e+00;1.0241550342e+00;1.0241960963e+00;1.0329227771e+00;1.0250375616e+00;1.0371852040e+00;1.0161342167e+00;1.0293152702e+00;1.0289590458e+00;1.0316526725e+00;1.0366816031e+00;1.0243779619e+00;1.0272215342e+00;1.0283780047e+00;1.0323681932e+00
9.6000000000e-05;1.0224555746e+00;1.0228508351e+00;1.0175269863e+00;1.0199738159e+00;1.0238223431e+00;1.0236652415e+00;1.0324541736e+00;1.0245904296e+00;1.0366554114e+00;1.0159175230e+00;1.0288298701e+00;1.0284925650e+00;1.0306667869e+00;1.0361440671e+00;1.0235650933e+00;1.0266655063e+00;1.0275197548e+00;1.0321192717e+00
1.0240000000e-04;1.0218374589e+00;1.0222630681e+00;1.0170456863e+00;1.0197165721e+00;1.0231567178e+00;1.0232592104e+00;1.0320504900e+00;1.0241108776e+00;1.0362982595e+00;1.0156801135e+00;1.0284658148e+00;1.0280904283e+00;1.0299912574e+00;1.0357396312e+00;1.0230446806e+00;1.0263151333e+00;1.0275593897e+00;1.0315649922e+00
1.1520000000e-04;1.0211394410e+00;1.0215663422e+00;1.0164823832e+00;1.0189453590e+00;1.0221163472e+00;1.0222849567e+00;1.0309067189e+00;1.0231257994e+00;1.0353387385e+00;1.0149251205e+00;1.0279183499e+00;1.0273084684e+00;1.0290250833e+00;1.0348767033e+00;1.0223280251e+00;1.0252022479e+00;1.0260659952e+00;1.0304364650e+00
1.2800000000e-04;1.0201238296e+00;1.0206958242e+00;1.0156153627e+00;1.0183251098e+00;1.0211685933e+00;1.0215340502e+00;1.0301070822e+00;1.0221204898e+00;1.0349382457e+00;1.0144543557e+00;1.0273611103e+00;1.0264666992e+00;1.0280675262e+00;1.0339697738e+00;1.0213460630e+00;1.0242895647e+00;1.0249819791e+00;1.0295800341e+00
1.4080000000e-04;1.0194020610e+00;1.0202256169e+00;1.0152362868e+00;1.0177554817e+00;1.0203553358e+00;1.0207212178e+00;1.0292079036e+00;1.0212147784e+00;1.0339161315e+00;1.0140822611e+00;1.0269111481e+00;1.0257452829e+00;1.0270791742e+00;1.0335112486e+00;1.0205843747e+00;1.0235111687e+00;1.0238932066e+00;1.0286544458e+00
1.5360000000e-04;1.0186829200e+00;1.0195204624e+00;1.0147843540e+00;1.0171601658e+00;1.0196668799e+00;1.0197929920e+00;1.0283697101e+00;1.0205755949e+00;1.0333390959e+00;1.0136752846e+00;1.0262084720e+00;1.0254036199e+00;1.0263036805e+00;1.0327629401e+00;1.0199687377e+00;1.0229988729e+00;1.0229810211e+00;1.0279389116e+00
1.6640000000e-04;1.0181046727e+00;1.0187555739e+00;1.0142658879e+00;1.0165246207e+00;1.0189448371e+00;1.0192085664e+00;1.0279229837e+00;1.0199264210e+00;1.0327425534e+00;1.0130950400e+00;1.0256915345e+00;1.0245923098e+00;1.0254226094e+00;1.0323606536e+00;1.0191382946e+00;1.0222835978e+00;1.0221997473e+00;1.0272587403e+00
1.7920000000e-04;1.0173841795e+00;1.0184101605e+00;1.0139557692e+00;1.0160337630e+00;1.0183703353e+00;1.0185754754e+00;1.0273217544e+00;1.0189494290e+00;1.0320583031e+00;1.0128292068e+00;1.0254687660e+00;1.0240487242e+00;1.0249056102e+00;1.0316610814e+00;1.0186978818e+00;1.0215680222e+00;1.0215868893e+00;1.0265618549e+00
1.9200000000e-04;1.0168599087e+00;1.0179945319e+00;1.0134599263e+00;1.0155042096e+00;1.0176201600e+00;1.0179899955e+00;1.0265337489e+00;1.0184926509e+00;1.0314948338e+00;1.0123649942e+00;1.0252080903e+00;1.0232989457e+00;1.0243567485e+00;1.0313370243e+00;1.0182348068e+00;1.0212045401e+00;1.0208549122e+00;1.0260090887e+00
2.0480000000e-04;1.0164205040e+00;1.0175541487e+00;1.0129254283e+00;1.0151108095e+00;1.0170750134e+00;1.0173207191e+00;1.0257396821e+00;1.0181051787e+00;1.0311114667e+00;1.0120812776e+00;1.0247133280e+00;1.0230695895e+00;1.0236445383e+00;1.0308698210e+00;1.0176010962e+00;1.0208618159e+00;1.0204081129e+00;1.0255790791e+00
2.3040000000e-04;1.0156209301e+00;1.0167735288e+00;1.0122234049e+00;1.0143942574e+00;1.0163196575e+00;1.0164430391e+00;1.0250623309e+00;1.0171082394e+00;1.0302839252e+00;1.0115745714e+00;1.0240935686e+00;1.0222766856e+00;1.0227264207e+00;1.0299560286e+00;1.0168019597e+00;1.0197610660e+00;1.0190789358e+00;1.0244085723e+00
2.5600000000e-04;1.0147408030e+00;1.0160998877e+00;1.0116675572e+00;1.0136030829e+00;1.0155445364e+00;1.0155984681e+00;1.0239745565e+00;1.0162445112e+00;1.0294800492e+00;1.0109703691e+00;1.0234374419e+00;1.0213500195e+00;1.0215380482e+00;1.0292779034e+00;1.0158604478e+00;1.0189395268e+00;1.0180672832e+00;1.0235927461e+00
2.8160000000e-04;1.0139718868e+00;1.0154340329e+00;1.0112788038e+00;1.0130744307e+00;1.0146425716e+00;1.0147436473e+00;1.0232623398e+00;1.0152629932e+00;1.0287445017e+00;1.0106657471e+00;1.0230715864e+00;1.0207452032e+00;1.0208817587e+00;1.0285604867e+00;1.0154235451e+00;1.0183488241e+00;1.0172064301e+00;1.0229046045e+00
3.0720000000e-04;1.0133610801e+00;1.0149009796e+00;1.0106788423e+00;1.0125536151e+00;1.0139233539e+00;1.0140552719e+00;1.0227543499e+00;1.0145456932e+00;1.0282770895e+00;1.0103052134e+00;1.0226154665e+00;1.0201942791e+00;1.0201236351e+00;1.0280552692e+00;1.0148506454e+00;1.0176784659e+00;1.0162449462e+00;1.0220038586e+00
3.3280000000e-04;1.0126743415e+00;1.0143316385e+00;1.0102909948e+00;1.0122135126e+00;1.0133927507e+00;1.0136238684e+00;1.0222088433e+00;1.0139419979e+00;1.0277280097e+00;1.0099159915e+00;1.0222187499e+00;1.0197165583e+00;1.0194680954e+00;1.0276776788e+00;1.0142896444e+00;1.0168547373e+00;1.0155428257e+00;1.0213888673e+00
3.5840000000e-04;1.0121268587e+00;1.0139665047e+00;1.0098747009e+00;1.0116433260e+00;1.0128346970e+00;1.0131714644e+00;1.0216335157e+00;1.0134147335e+00;1.0272418668e+00;1.0095705984e+00;1.0219554756e+00;1.0193029572e+00;1.0187005684e+00;1.0272161100e+00;1.0137515202e+00;1.0163959746e+00;1.0149181019e+00;1.0209411970e+00
3.8400000000e-04;1.0117962576e+00;1.0135728172e+00;1.0095623244e+00;1.0112805120e+00;1.0123398554e+00;1.0126717122e+00;1.0210827735e+00;1.0129180996e+00;1.0268237714e+00;1.0092694160e+00;1.0215000142e+00;1.0187967861e+00;1.0181139325e+00;1.0265391407e+00;1.0133421733e+00;1.0158985639e+00;1.0144610401e+00;1.0203658065e+00
4.0960000000e-04;1.0112640538e+00;1.0132544757e+00;1.0091620054e+00;1.0109050196e+00;1.0119341413e+00;1.0120136640e+00;1.0206494502e+00;1.0123608335e+00;1.0261490755e+00;1.0091038422e+00;1.0212331479e+00;1.0183727906e+00;1.0176760851e+00;1.0262131461e+00;1.0128814970e+00;1.0153261078e+00;1.0138572083e+00;1.0199693242e+00
4.6080000000e-04;1.0105402200e+00;1.0124960050e+00;1.0086212368e+00;1.0101978852e+00;1.0110760223e+00;1.0112078952e+00;1.0198799947e+00;1.0115452186e+00;1.0255242262e+00;1.0085740101e+00;1.0207534313e+00;1.0176615335e+00;1.0167978364e+00;1.0253530518e+00;1.0120645839e+00;1.0145854425e+00;1.0128944497e+00;1.0190384772e+00
5.1200000000e-04;1.0098522455e+00;1.0118625335e+00;1.0081785690e+00;1.0096578724e+00;1.0103564408e+00;1.0105453815e+00;1.0191343196e+00;1.0106941617e+00;1.0248990950e+00;1.0080843235e+00;1.0202861024e+00;1.0169941405e+00;1.0160272424e+00;1.0247133413e+00;1.0114653057e+00;1.0140030433e+00;1.0119577011e+00;1.0182696518e+00
5.6320000000e-04;1.0092323020e+00;1.0113909594e+00;1.0078364310e+00;1.0091585518e+00;1.0097592672e+00;1.0099340257e+00;1.0185931294e+00;1.0099884877e+00;1.0243523336e+00;1.0077132470e+00;1.0198971252e+00;1.0166415276e+00;1.0153423309e+00;1.0241922526e+00;1.0109206357e+00;1.0134173840e+00;1.0111917887e+00;1.0175798628e+00
6.1440000000e-04;1.0087124837e+00;1.0109365137e+00;1.0073815069e+00;1.0087248063e+00;1.0093009877e+00;1.0094784490e+00;1.0179924202e+00;1.0095526002e+00;1.0239572368e+00;1.0073071494e+00;1.0194883875e+00;1.0161532170e+00;1.0145834982e+00;1.0236798453e+00;1.0105165189e+00;1.0130083368e+00;1.0106380993e+00;1.0170859681e+00
6.6560000000e-04;1.0082463969e+00;1.0105472726e+00;1.0071019004e+00;1.0083234557e+00;1.0087631235e+00;1.0088229783e+00;1.0174628120e+00;1.0090975101e+00;1.0234592162e+00;1.0070409118e+00;1.0193137102e+00;1.0156272148e+00;1.0140762072e+00;1.0232226326e+00;1.0101077485e+00;1.0125054895e+00;1.0099687770e+00;1.0166689010e+00
7.1680000000e-04;1.0077490801e+00;1.0101585671e+00;1.0068047662e+00;1.0080453103e+00;1.0083257589e+00;1.0085065500e+00;1.0170524140e+00;1.0085902831e+00;1.0229864047e+00;1.0068806807e+00;1.0190524242e+00;1.0153435393e+00;1.0136178048e+00;1.0229890376e+00;1.0096930656e+00;1.0121763746e+00;1.0096112263e+00;1.0162430837e+00
7.6800000000e-04;1.0073462538e+00;1.0098416065e+00;1.0065261623e+00;1.0078021706e+00;1.0079242490e+00;1.0081220040e+00;1.0166306648e+00;1.0081980135e+00;1.0227937618e+00;1.0065549903e+00;1.0187709694e+00;1.0150331821e+00;1.0130181417e+00;1.0226246212e+00;1.0092608226e+00;1.0117090727e+00;1.0091057248e+00;1.0157882110e+00
8.1920000000e-04;1.0070052997e+00;1.0096198000e+00;1.0064053045e+00;1.0075288315e+00;1.0076399511e+00;1.0078296768e+00;1.0164435793e+00;1.0077927713e+00;1.0225380847e+00;1.0063616040e+00;1.0186358484e+00;1.0146334309e+00;1.0127191878e+00;1.0223862308e+00;1.0088883205e+00;1.0114538081e+00;1.0088762844e+00;1.0155744978e+00
9.2160000000e-04;1.0063283526e+00;1.0090396936e+00;1.0060021339e+00;1.0070834025e+00;1.0070569287e+00;1.0070425716e+00;1.0157276527e+00;1.0071513690e+00;1.0218382324e+00;1.0060037494e+00;1.0181718529e+00;1.0141539782e+00;1.0120466485e+00;1.0218564137e+00;1.0082843456e+00;1.0106298336e+00;1.0078707656e+00;1.0148677982e+00
1.0240000000e-03;1.0058611725e+00;1.0086664464e+00;1.0056404091e+00;1.0065900622e+00;1.0064700275e+00;1.0064603611e+00;1.0151937817e+00;1.0065550620e+00;1.0214552704e+00;1.0056657796e+00;1.0177840299e+00;1.0137362806e+00;1.0113198525e+00;1.0214398964e+00;1.0079501809e+00;1.0101202274e+00;1.0071326169e+00;1.0144122804e+00
1.1264000000e-03;1.0053175730e+00;1.0083608054e+00;1.0053767897e+00;1.0062479515e+00;1.0060554738e+00;1.0059889619e+00;1.0147699468e+00;1.0061260872e+00;1.0209605187e+00;1.0054483492e+00;1.0174692646e+00;1.0134499822e+00;1.0108738627e+00;1.0211679179e+00;1.0074451805e+00;1.0096359441e+00;1.0066519520e+00;1.0140200458e+00
1.2288000000e-03;1.0050256016e+00;1.0079696563e+00;1.0051782969e+00;1.0058703944e+00;1.0056821508e+00;1.0055564108e+00;1.0143454019e+00;1.0057385954e+00;1.0207310628e+00;1.0052002185e+00;1.0172410794e+00;1.0130587454e+00;1.0104703520e+00;1.0208702754e+00;1.0071206879e+00;1.0094341487e+00;1.0062577511e+00;1.0136048326e+00
1.3312000000e-03;1.0047276183e+00;1.0078018193e+00;1.0049698759e+00;1.0056276218e+00;1.0052631382e+00;1.0053161504e+00;1.0139817431e+00;1.0053798359e+00;1.0203610519e+00;1.0050119768e+00;1.0170610373e+00;1.0127464851e+00;1.0099795104e+00;1.0206547401e+00;1.0068234790e+00;1.0091356228e+00;1.0058099466e+00;1.0131828014e+00
1.4336000000e-03;1.0044248174e+00;1.0074610480e+00;1.0048246962e+00;1.0054174152e+00;1.0049540838e+00;1.0051068589e+00;1.0137361266e+00;1.0052940573e+00;1.0201396372e+00;1.0048335659e+00;1.0168773206e+00;1.0125182788e+00;1.0097161874e+00;1.0203922891e+00;1.0065816924e+00;1.0088626235e+00;1.0054297468e+00;1.0129681053e+00
1.5360000000e-03;1.0042340197e+00;1.0071610414e+00;1.0045499239e+00;1.0052669081e+00;1.0048225518e+00;1.0048216596e+00;1.0134601854e+00;1.0048526264e+00;1.0198923063e+00;1.0047195298e+00;1.0167457452e+00;1.0123368555e+00;1.0094592386e+00;1.0202288191e+00;1.0063151660e+00;1.0085655813e+00;1.0050990723e+00;1.0125114859e+00
1.6384000000e-03;1.0039924939e+00;1.0069643953e+00;1.0044101208e+00;1.0050843184e+00;1.0046749454e+00;1.0045475203e+00;1.0132900920e+00;1.0046423539e+00;1.0197213025e+00;1.0044904880e+00;1.0165829492e+00;1.0121118531e+00;1.0092170842e+00;1.0199196048e+00;1.0061318163e+00;1.0082801032e+00;1.0049024078e+00;1.0123478431e+00
1.8432000000e-03;1.0037414482e+00;1.0066533254e+00;1.0040688697e+00;1.0046832620e+00;1.0043002262e+00;1.0039749890e+00;1.0128534171e+00;1.0041883924e+00;1.0193387575e+00;1.0042775156e+00;1.0163066634e+00;1.0117338975e+00;1.0084721783e+00;1.0196176908e+00;1.0056833149e+00;1.0078875692e+00;1.0043487856e+00;1.0118652544e+00
2.0480000000e-03;1.0033841850e+00;1.0064206405e+00;1.0038285205e+00;1.0044983901e+00;1.0039187396e+00;1.0035747040e+00;1.0124012905e+00;1.0038474660e+00;1.0189963239e+00;1.0039654617e+00;1.0160570642e+00;1.0114456312e+00;1.0080803299e+00;1.0194187682e+00;1.0052697066e+00;1.0075908744e+00;1.0040029992e+00;1.0114878627e+00
2.2528000000e-03;1.0031455470e+00;1.0061666147e+00;1.0036676965e+00;1.0041941638e+00;1.0036356987e+00;1.0032777890e+00;1.0121483049e+00;1.0036593393e+00;1.0186448344e+00;1.0037942550e+00;1.0158617835e+00;1.0111688278e+00;1.0077849733e+00;1.0190508595e+00;1.0049453356e+00;1.0072185694e+00;1.0036702608e+00;1.0112197001e+00
2.4576000000e-03;1.0028802799e+00;1.0060198482e+00;1.0034487472e+00;1.0039871266e+00;1.0033774745e+00;1.0030657722e+00;1.0120384201e+00;1.0034708515e+00;1.0184899601e+00;1.0036314868e+00;1.0157529514e+00;1.0109168400e+00;1.0075508381e+00;1.0188279888e+00;1.0046891753e+00;1.0070345732e+00;1.0033573475e+00;1.0110470072e+00
2.6624000000e-03;1.0027462961e+00;1.0057462622e+00;1.0032884406e+00;1.0038742040e+00;1.0032277932e+00;1.0028268565e+00;1.0118991706e+00;1.0031904842e+00;1.0183064989e+00;1.0034860399e+00;1.0156409073e+00;1.0107280921e+00;1.0072933078e+00;1.0185156585e+00;1.0045411000e+00;1.0068555530e+00;1.0029974919e+00;1.0107870503e+00
2.8672000000e-03;1.0025701245e+00;1.0055945468e+00;1.0031010992e+00;1.0036391180e+00;1.0030890881e+00;1.0027382441e+00;1.0116840756e+00;1.0029111307e+00;1.0180878108e+00;1.0034327289e+00;1.0154951524e+00;1.0104953517e+00;1.0069993872e+00;1.0184806383e+00;1.0043621119e+00;1.0065704442e+00;1.0027940706e+00;1.0106075919e+00
3.0720000000e-03;1.0023652174e+00;1.0055211085e+00;1.0029541474e+00;1.0034323978e+00;1.0030796429e+00;1.0025735925e+00;1.0115854610e+00;1.0028520053e+00;1.0179520563e+00;1.0034289574e+00;1.0153877747e+00;1.0104045511e+00;1.0067992230e+00;1.0183357959e+00;1.0043337944e+00;1.0064214764e+00;1.0025960969e+00;1.0104611193e+00
3.2768000000e-03;1.0021855201e+00;1.0053893172e+00;1.0028524641e+00;1.0032661922e+00;1.0027623132e+00;1.0024679307e+00;1.0114162471e+00;1.0026970967e+00;1.0178494474e+00;1.0033155661e+00;1.0153039314e+00;1.0102592803e+00;1.0067937275e+00;1.0182629604e+00;1.0041981779e+00;1.0062800544e+00;1.0024417087e+00;1.0100927501e+00
3.6864000000e-03;1.0017795305e+00;1.0051042213e+00;1.0027384114e+00;1.0031630670e+00;1.0024125145e+00;1.0021361184e+00;1.0112987938e+00;1.0025258187e+00;1.0176574269e+00;1.0032279937e+00;1.0151605386e+00;1.0100475289e+00;1.0064832153e+00;1.0180574910e+00;1.0040635755e+00;1.0060887971e+00;1.0020418341e+00;1.0098161386e+00
4.0960000000e-03;1.0016430033e+00;1.0049732158e+00;1.0027232624e+00;1.0030670788e+00;1.0021879509e+00;1.0019794997e+00;1.0110937741e+00;1.0023794828e+00;1.0173976449e+00;1.0031257329e+00;1.0150539497e+00;1.0100320684e+00;1.0064092862e+00;1.0179325557e+00;1.0037980925e+00;1.0059130919e+00;1.0018476597e+00;1.0097862848e+00
4.5056000000e-03;1.0014448694e+00;1.0047962559e+00;1.0026769593e+00;1.0028907084e+00;1.0019458400e+00;1.0017641221e+00;1.0109335183e+00;1.0021562844e+00;1.0171903627e+00;1.0030428809e+00;1.0149094762e+00;1.0099632724e+00;1.0061404482e+00;1.0177736820e+00;1.0037854634e+00;1.0057832179e+00;1.0016783949e+00;1.0095982278e+00
4.9152000000e-03;1.0013037072e+00;1.0046257251e+00;1.0025236219e+00;1.0027184616e+00;1.0018785228e+00;1.0016251434e+00;1.0107706769e+00;1.0019228060e+00;1.0169849532e+00;1.0028989183e+00;1.0147980194e+00;1.0096377115e+00;1.0060259707e+00;1.0176531655e+00;1.0037122503e+00;1.0055698047e+00;1.0016629427e+00;1.0093480771e+00
5.3248000000e-03;1.0013198634e+00;1.0046056515e+00;1.0024687442e+00;1.0025808146e+00;1.0017156577e+00;1.0014765585e+00;1.0106243414e+00;1.0019504423e+00;1.0168820511e+00;1.0028545477e+00;1.0146883400e+00;1.0095948496e+00;1.0058554985e+00;1.0174478905e+00;1.0035416052e+00;1.0052923403e+00;1.0015247864e+00;1.0091729420e+00
5.7344000000e-03;1.0011698249e+00;1.0045639638e+00;1.0023448581e+00;1.0025977904e+00;1.0016208446e+00;1.0013586823e+00;1.0105431502e+00;1.0018934481e+00;1.0167496492e+00;1.0027842677e+00;1.0145810559e+00;1.0096204354e+00;1.0058336356e+00;1.0173556286e+00;1.0034240309e+00;1.0052990274e+00;1.0015728237e+00;1.0090444800e+00
6.1440000000e-03;1.0012006799e+00;1.0044863879e+00;1.0022304945e+00;1.0024665872e+00;1.0014556936e+00;1.0013227550e+00;1.0105237488e+00;1.0017465171e+00;1.0168279892e+00;1.0025715792e+00;1.0145869607e+00;1.0095519998e+00;1.0057750334e+00;1.0172025065e+00;1.0034765234e+00;1.0052496650e+00;1.0014277507e+00;1.0091106966e+00
6.5536000000e-03;1.0010881802e+00;1.0043528641e+00;1.0021726016e+00;1.0023280862e+00;1.0013833740e+00;1.0013722270e+00;1.0105971410e+00;1.0016198146e+00;1.0167368155e+00;1.0025332273e+00;1.0145394370e+00;1.0095635150e+00;1.0055764586e+00;1.0169906763e+00;1.0035161189e+00;1.0050972909e+00;1.0013094118e+00;1.0089780020e+00
7.3728000000e-03;1.0009847865e+00;1.0043386054e+00;1.0020710786e+00;1.0022536811e+00;1.0013763840e+00;1.0011715895e+00;1.0103790417e+00;1.0016939361e+00;1.0165677686e+00;1.0025456353e+00;1.0144881646e+00;1.0094423447e+00;1.0054048421e+00;1.0171079002e+00;1.0032590209e+00;1.0048981816e+00;1.0013032679e+00;1.0088566879e+00
8.1920000000e-03;1.0008256273e+00;1.0044187895e+00;1.0019820139e+00;1.0022595501e+00;1.0012271202e+00;1.0010161910e+00;1.0101447782e+00;1.0014803483e+00;1.0165479813e+00;1.0025641878e+00;1.0144447167e+00;1.0093080142e+00;1.0051380703e+00;1.0170745832e+00;1.0031284752e+00;1.0050016868e+00;1.0010987985e+00;1.0086262712e+00
9.0112000000e-03;1.0006998774e+00;1.0043712658e+00;1.0019190331e+00;1.0022891497e+00;1.0011251562e+00;1.0009433115e+00;1.0102515517e+00;1.0012922973e+00;1.0164161887e+00;1.0024818004e+00;1.0143225494e+00;1.0091804602e+00;1.0050889028e+00;1.0168439768e+00;1.0031116602e+00;1.0049556257e+00;1.0011780242e+00;1.0084986292e+00
9.8304000000e-03;1.0006831755e+00;1.0042122486e+00;1.0019491805e+00;1.0021769597e+00;1.0010390577e+00;1.0007902393e+00;1.0100730674e+00;1.0012739640e+00;1.0164268139e+00;1.0024661861e+00;1.0142225982e+00;1.0090955095e+00;1.0050121850e+00;1.0167995499e+00;1.0030498932e+00;1.0049500934e+00;1.0010322173e+00;1.0085722115e+00
1.0649600000e-02;1.0006688531e+00;1.0041656776e+00;1.0019556105e+00;1.0021465710e+00;1.0009431972e+00;1.0007736645e+00;1.0099255992e+00;1.0012312387e+00;1.0164841410e+00;1.0024007158e+00;1.0142542861e+00;1.0090744794e+00;1.0047658718e+00;1.0167930479e+00;1.0029862491e+00;1.0048811713e+00;1.0007015283e+00;1.0085052345e+00
1.1468800000e-02;1.0007046231e+00;1.0042152273e+00;1.0019092342e+00;1.0021210121e+00;1.0008951861e+00;1.0008477300e+00;1.0099811548e+00;1.0011263128e+00;1.0162714792e+00;1.0023924871e+00;1.0142970727e+00;1.0090234544e+00;1.0049234843e+00;1.0167316379e+00;1.0028537771e+00;1.0048454351e+00;1.0006675707e+00;1.0084241639e+00
1.2288000000e-02;1.0008507821e+00;1.0042638313e+00;1.0018475000e+00;1.0021165486e+00;1.0008946140e+00;1.0008889887e+00;1.0098401935e+00;1.0011292610e+00;1.0163409258e+00;1.0024066601e+00;1.0142615451e+00;1.0090189295e+00;1.0049264495e+00;1.0167309925e+00;1.0027835724e+00;1.0047709986e+00;1.0004538018e+00;1.0084710268e+00
1.3107200000e-02;1.0005836995e+00;1.0042411432e+00;1.0018752470e+00;1.0020926142e+00;1.0010135607e+00;1.0009145015e+00;1.0097920343e+00;1.0010625720e+00;1.0162518494e+00;1.0023511142e+00;1.0143011824e+00;1.0090621952e+00;1.0047162192e+00;1.0167263166e+00;1.0027400843e+00;1.0048250562e+00;1.0003824742e+00;1.0084077887e+00
1.4745600000e-02;1.0004978533e+00;1.0042697402e+00;1.0018429110e+00;1.0021415491e+00;1.0009791647e+00;1.0006816153e+00;1.0097613837e+00;1.0010409068e+00;1.0161668521e+00;1.0022363613e+00;1.0142216169e+00;1.0090589196e+00;1.0047819687e+00;1.0166378266e+00;1.0027391267e+00;1.0046434124e+00;1.0003995180e+00;1.0084188066e+00
1.6384000000e-02;1.0002544520e+00;1.0042731777e+00;1.0016786717e+00;1.0020611466e+00;1.0009278607e+00;1.0005933723e+00;1.0096060783e+00;1.0008187204e+00;1.0161268584e+00;1.0022425952e+00;1.0141434611e+00;1.0089156596e+00;1.0048608566e+00;1.0165923345e+00;1.0027214182e+00;1.0045421965e+00;1.0002997459e+00;1.0083582643e+00
1.8022400000e-02;1.0002686978e+00;1.0043309069e+00;1.0016692046e+00;1.0019207055e+00;1.0009777288e+00;1.0006241589e+00;1.0095605631e+00;1.0008774935e+00;1.0160693864e+00;1.0021610481e+00;1.0140830668e+00;1.0089194144e+00;1.0049094565e+00;1.0165321317e+00;1.0026280007e+00;1.0045305498e+00;1.0000639052e+00;1.0082907351e+00
1.9660800000e-02;1.0004982870e+00;1.0040767879e+00;1.0016483987e+00;1.0018982348e+00;1.0009204680e+00;1.0006466193e+00;1.0093601811e+00;1.0007900329e+00;1.0161026316e+00;1.0021087819e+00;1.0139820473e+00;1.0089839095e+00;1.0048266580e+00;1.0165425692e+00;1.0025830927e+00;1.0044943731e+00;9.9985269676e-01;1.0082171382e+00
2.1299200000e-02;1.0005032928e+00;1.0040300170e+00;1.0016752657e+00;1.0018191626e+00;1.0007024411e+00;1.0004431048e+00;1.0095108766e+00;1.0008718106e+00;1.0159954064e+00;1.0021315938e+00;1.0140119249e+00;1.0088780212e+00;1.0045639667e+00;1.0165897411e+00;1.0027413928e+00;1.0045828372e+00;9.9991417475e-01;1.0083174102e+00
2.2937600000e-02;1.0004064756e+00;1.0040517668e+00;1.0016788107e+00;1.0019223130e+00;1.0007629366e+00;1.0003352867e+00;1.0094111428e+00;1.0007969441e+00;1.0160445855e+00;1.0020859297e+00;1.0139413947e+00;1.0087189370e+00;1.0045347375e+00;1.0164735130e+00;1.0025130550e+00;1.0046721859e+00;1.0001292958e+00;1.0082008587e+00
2.4576000000e-02;1.0003210199e+00;1.0040287289e+00;1.0016364682e+00;1.0018770271e+00;1.0007579792e+00;1.0002563214e+00;1.0093965951e+00;1.0008699850e+00;1.0159830405e+00;1.0021330172e+00;1.0140730139e+00;1.0088255162e+00;1.0046979442e+00;1.0162519821e+00;1.0025347502e+00;1.0044713889e+00;1.0001799612e+00;1.0081756523e+00
2.6214400000e-02;1.0003197273e+00;1.0040215472e+00;1.0016587622e+00;1.0017439810e+00;1.0006740639e+00;1.0003141753e+00;1.0093377263e+00;1.0008099897e+00;1.0160168423e+00;1.0021021014e+00;1.0139909408e+00;1.0088549392e+00;1.0046127809e+00;1.0163874020e+00;1.0025470260e+00;1.0044059773e+00;1.0001325557e+00;1.0081551023e+00
2.9491200000e-02;1.0002402764e+00;1.0039442868e+00;1.0017161936e+00;1.0018001350e+00;1.0005741741e+00;1.0003508833e+00;1.0094080047e+00;1.0006689914e+00;1.0160557781e+00;1.0020911948e+00;1.0140199010e+00;1.0088143285e+00;1.0046057916e+00;1.0162606615e+00;1.0024269063e+00;1.0044982559e+00;1.0001010839e+00;1.0080786889e+00
3.2768000000e-02;1.0001477793e+00;1.0039088186e+00;1.0016630122e+00;1.0016895295e+00;1.0006576566e+00;1.0003496334e+00;1.0094188941e+00;1.0008323463e+00;1.0160748102e+00;1.0020572872e+00;1.0139690625e+00;1.0086728120e+00;1.0044728152e+00;1.0162304165e+00;1.0023791303e+00;1.0044725074e+00;1.0001813377e+00;1.0080046052e+00
3.6044800000e-02;1.0002254915e+00;1.0038825577e+00;1.0016748189e+00;1.0018159843e+00;1.0006432341e+00;1.0002302699e+00;1.0092659821e+00;1.0008770756e+00;1.0160566313e+00;1.0020695254e+00;1.0139801761e+00;1.0086870850e+00;1.0043105784e+00;1.0162640000e+00;1.0023013086e+00;1.0042966589e+00;1.0002963867e+00;1.0081201532e+00
3.9321600000e-02;1.0002126032e+00;1.0039146329e+00;1.0016401087e+00;1.0018870668e+00;1.0006631710e+00;1.0002811442e+00;1.0092584648e+00;1.0009027357e+00;1.0159221957e+00;1.0021284972e+00;1.0139620709e+00;1.0086205134e+00;1.0044990860e+00;1.0162972007e+00;1.0024339938e+00;1.0042041709e+00;1.0002797101e+00;1.0079753185e+00
4.2598400000e-02;1.0001045512e+00;1.0038995504e+00;1.0017109872e+00;1.0018709111e+00;1.0007118809e+00;1.0003365751e+00;1.0093028766e+00;1.0008197726e+00;1.0159437773e+00;1.0020848387e+00;1.0140400346e+00;1.0085894304e+00;1.0045046086e+00;1.0162458449e+00;1.0024684238e+00;1.0041999673e+00;1.0001169009e+00;1.0080105900e+00
4.5875200000e-02;9.9994768217e-01;1.0039657051e+00;1.0016364671e+00;1.0018105146e+00;1.0006406151e+00;1.0002090569e+00;1.0092406455e+00;1.0007547500e+00;1.0157704912e+00;1.0019778567e+00;1.0139541067e+00;1.0084933567e+00;1.0046665418e+00;1.0162549332e+00;1.0024902282e+00;1.0043376894e+00;1.0000261104e+00;1.0079653891e+00
4.9152000000e-02;9.9993452409e-01;1.0039272662e+00;1.0015715301e+00;1.0017328096e+00;1.0005816391e+00;1.0002711368e+00;1.0091963884e+00;1.0005734071e+00;1.0159890607e+00;1.0020378243e+00;1.0139170665e+00;1.0085391457e+00;1.0046534954e+00;1.0163107098e+00;1.0023520094e+00;1.0042192300e+00;1.0001483768e+00;1.0077810311e+00
5.2428800000e-02;1.0000242270e+00;1.0038995437e+00;1.0016641426e+00;1.0017197152e+00;1.0006423089e+00;1.0001338823e+00;1.0090644016e+00;1.0007060569e+00;1.0160162111e+00;1.0020190818e+00;1.0138908758e+00;1.0086096423e+00;1.0045619652e+00;1.0161674630e+00;1.0024285252e+00;1.0042947269e+00;1.0002296348e+00;1.0078997420e+00
5.8982400000e-02;1.0001048087e+00;1.0038338087e+00;1.0015325300e+00;1.0017456665e+00;1.0005836424e+00;1.0000949505e+00;1.0090944014e+00;1.0006433593e+00;1.0158889066e+00;1.0020031997e+00;1.0137892155e+00;1.0085187428e+00;1.0045051762e+00;1.0161375204e+00;1.0023603024e+00;1.0041550864e+00;1.0002188731e+00;1.0078074532e+00
6.5536000000e-02;1.0000129289e+00;1.0040635939e+00;1.0014899670e+00;1.0017422095e+00;1.0006115218e+00;1.0001354753e+00;1.0089702752e+00;1.0006238905e+00;1.0160092508e+00;1.0019418984e+00;1.0138677470e+00;1.0084932421e+00;1.0044284884e+00;1.0161281831e+00;1.0023951774e+00;1.0040274582e+00;1.0002787690e+00;1.0079128903e+00
7.2089600000e-02;1.0001514726e+00;1.0039126067e+00;1.0014860477e+00;1.0016713469e+00;1.0005261370e+00;1.0001229034e+00;1.0089940673e+00;1.0003741984e+00;1.0159603908e+00;1.0018937920e+00;1.0138095814e+00;1.0085459771e+00;1.0045495430e+00;1.0160185195e+00;1.0024320729e+00;1.0040665125e+00;1.0002014435e+00;1.0077436817e+00
7.8643200000e-02;1.0001770943e+00;1.0038642592e+00;1.0015229104e+00;1.0017773302e+00;1.0005193942e+00;1.0002614353e+00;1.0089677201e+00;1.0005469325e+00;1.0158918281e+00;1.0019400442e+00;1.0138701080e+00;1.0085108446e+00;1.0043060303e+00;1.0159203602e+00;1.0023440514e+00;1.0040547185e+00;1.0001103795e+00;1.0077923740e+00
8.5196800000e-02;9.9991495657e-01;1.0038546850e+00;1.0015503568e+00;1.0016819448e+00;1.0005602691e+00;1.0000916773e+00;1.0089270497e+00;1.0007037908e+00;1.0158204419e+00;1.0019622452e+00;1.0139730668e+00;1.0084768321e+00;1.0044242504e+00;1.0160466356e+00;1.0024074986e+00;1.0039973427e+00;9.9984340319e-01;1.0078798096e+00
9.1750400000e-02;1.0001119971e+00;1.0039947505e+00;1.0016429149e+00;1.0016328892e+00;1.0004746725e+00;1.0000631410e+00;1.0089256252e+00;1.0006938949e+00;1.0156247541e+00;1.0019599835e+00;1.0139303641e+00;1.0085017840e+00;1.0044533651e+00;1.0158610363e+00;1.0023832672e+00;1.0041399450e+00;9.9988477497e-01;1.0077963621e+00
9.8304000000e-02;1.0001177081e+00;1.0039427734e+00;1.0016354078e+00;1.0015525477e+00;1.0006440428e+00;1.0001231207e+00;1.0090718495e+00;1.0005852361e+00;1.0157706595e+00;1.0018923094e+00;1.0138051790e+00;1.0084087451e+00;1.0044944430e+00;1.0158617301e+00;1.0023185394e+00;1.0042101324e+00;9.9997302419e-01;1.0079118343e+00
1.0485760000e-01;9.9996215410e-01;1.0039293661e+00;1.0016676207e+00;1.0016571524e+00;1.0006074324e+00;1.0002414526e+00;1.0090732691e+00;1.0003779578e+00;1.0159014708e+00;1.0019230585e+00;1.0138284589e+00;1.0082658631e+00;1.0046156547e+00;1.0157862821e+00;1.0022049842e+00;1.0043210158e+00;1.0001124007e+00;1.0078613815e+00
1.1796480000e-01;9.9986688718e-01;1.0039073973e+00;1.0015902545e+00;1.0016301318e+00;1.0006512368e+00;1.0001772587e+00;1.0089723739e+00;1.0004454732e+00;1.0158141717e+00;1.0018137458e+00;1.0138717140e+00;1.0083624811e+00;1.0044220273e+00;1.0158085000e+00;1.0023976324e+00;1.0041655316e+00;1.0001558287e+00;1.0078099093e+00
1.3107200000e-01;9.9996846291e-01;1.0038358619e+00;1.0015090684e+00;1.0016182160e+00;1.0007332931e+00;1.0001202761e+00;1.0088118280e+00;1.0005171879e+00;1.0158698752e+00;1.0018618135e+00;1.0138476336e+00;1.0083483463e+00;1.0043096000e+00;1.0158230186e+00;1.0024220122e+00;1.0042135093e+00;1.0000593493e+00;1.0078422877e+00
1.4417920000e-01;1.0000230318e+00;1.0038329341e+00;1.0015516495e+00;1.0015687996e+00;1.0005850856e+00;1.0001434309e+00;1.0088488048e+00;1.0002442535e+00;1.0158360279e+00;1.0018371425e+00;1.0138371461e+00;1.0084003185e+00;1.0043941953e+00;1.0157746549e+00;1.0022523553e+00;1.0041723153e+00;1.0000462370e+00;1.0078165082e+00
1.5728640000e-01;1.0001023087e+00;1.0038168701e+00;1.0015294271e+00;1.0015442949e+00;1.0006012766e+00;1.0001929858e+00;1.0087577196e+00;1.0003118193e+00;1.0156574984e+00;1.0017932081e+00;1.0138423084e+00;1.0083985761e+00;1.0043607788e+00;1.0156591400e+00;1.0022882944e+00;1.0041514355e+00;9.9990949542e-01;1.0077636657e+00
1.7039360000e-01;1.0000231652e+00;1.0037910617e+00;1.0015581422e+00;1.0015991833e+00;1.0005513158e+00;1.0002391317e+00;1.0087748621e+00;1.0004450668e+00;1.0156027520e+00;1.0018371684e+00;1.0138186132e+00;1.0083837019e+00;1.0043881575e+00;1.0156528955e+00;1.0022616397e+00;1.0040577974e+00;1.0000290324e+00;1.0077736663e+00
1.8350080000e-01;9.9998001838e-01;1.0037257805e+00;1.0015413165e+00;1.0014829667e+00;1.0004804255e+00;1.0002357799e+00;1.0088352703e+00;1.0005096324e+00;1.0155864381e+00;1.0017787281e+00;1.0138206107e+00;1.0082476693e+00;1.0044499292e+00;1.0154679635e+00;1.0022534200e+00;1.0041706491e+00;9.9983481304e-01;1.0077125200e+00
1.9660800000e-01;1.0000143224e+00;1.0037650772e+00;1.0015556955e+00;1.0015056114e+00;1.0006569427e+00;1.0000995916e+00;1.0084988351e+00;1.0006379098e+00;1.0155076527e+00;1.0017433789e+00;1.0138300671e+00;1.0082121049e+00;1.0043722630e+00;1.0154070663e+00;1.0022452729e+00;1.0040910363e+00;9.9987289504e-01;1.0077188233e+00
2.0971520000e-01;1.0000611650e+00;1.0036813374e+00;1.0015260451e+00;1.0015758849e+00;1.0005352595e+00;1.0000624508e+00;1.0085359981e+00;1.0004798165e+00;1.0156180164e+00;1.0017589778e+00;1.0137387028e+00;1.0080730429e+00;1.0042634385e+00;1.0153757641e+00;1.0023032043e+00;1.0042331153e+00;9.9993945641e-01;1.0077924059e+00
2.3592960000e-01;9.9992845095e-01;1.0037332532e+00;1.0014525148e+00;1.0015944948e+00;1.0005449864e+00;1.0000172946e+00;1.0085184146e+00;1.0006451095e+00;1.0154759430e+00;1.0017323610e+00;1.0137866516e+00;1.0080366462e+00;1.0043191895e+00;1.0151940633e+00;1.0022324944e+00;1.0041139276e+00;1.0000205614e+00;1.0076749031e+00
2.6214400000e-01;1.0000099400e+00;1.0037005245e+00;1.0015148100e+00;1.0016265975e+00;1.0004349127e+00;1.0000538347e+00;1.0084524689e+00;1.0005531837e+00;1.0153659549e+00;1.0017338901e+00;1.0137229629e+00;1.0079733795e+00;1.0042433054e+00;1.0150272928e+00;1.0022080966e+00;1.0040312306e+00;1.0000912645e+00;1.0075645938e+00
2.8835840000e-01;1.0001101241e+00;1.0036410100e+00;1.0014372237e+00;1.0016459829e+00;1.0005687534e+00;1.0001113839e+00;1.0083651785e+00;1.0005417624e+00;1.0153552341e+00;1.0017008018e+00;1.0137071096e+00;1.0079022751e+00;1.0041147970e+00;1.0148513125e+00;1.0022422680e+00;1.0042230827e+00;1.0000167158e+00;1.0075587058e+00
3.1457280000e-01;1.0000057430e+00;1.0037072632e+00;1.0014483021e+00;1.0015536741e+00;1.0005542945e+00;1.0000402723e+00;1.0082626321e+00;1.0005209803e+00;1.0153394282e+00;1.0016639419e+00;1.0136918741e+00;1.0078591935e+00;1.0041334634e+00;1.0147186785e+00;1.0022643660e+00;1.0043163962e+00;1.0001451026e+00;1.0075001930e+00
3.4078720000e-01;9.9996146330e-01;1.0037562484e+00;1.0014449652e+00;1.0014808646e+00;1.0005180766e+00;1.0001303463e+00;1.0082829134e+00;1.0004932658e+00;1.0151629898e+00;1.0016342232e+00;1.0135707450e+00;1.0077606074e+00;1.0041604197e+00;1.0146132279e+00;1.0021947447e+00;1.0042539893e+00;9.9992805800e-01;1.0074610944e+00
3.6700160000e-01;9.9998850635e-01;1.0036809497e+00;1.0014619093e+00;1.0014814305e+00;1.0004878647e+00;1.0001540989e+00;1.0081638412e+00;1.0006173068e+00;1.0150971315e+00;1.0014804440e+00;1.0136249099e+00;1.0076185715e+00;1.0041476263e+00;1.0144504163e+00;1.0020434516e+00;1.0040987398e+00;9.9994532456e-01;1.0074893578e+00
3.9321600000e-01;1.0000521609e+00;1.0037620691e+00;1.0013696575e+00;1.0015363991e+00;1.0005114192e+00;1.0000386391e+00;1.0079615632e+00;1.0004636147e+00;1.0150374531e+00;1.0015129927e+00;1.0135555407e+00;1.0076052477e+00;1.0040382659e+00;1.0144546986e+00;1.0020959596e+00;1.0040946498e+00;1.0000672108e+00;1.0073945341e+00
4.1943040000e-01;1.0000921425e+00;1.0037328279e+00;1.0014229664e+00;1.0014762181e+00;1.0005299250e+00;1.0000965368e+00;1.0078273406e+00;1.0006377969e+00;1.0150164397e+00;1.0014615586e+00;1.0134459405e+00;1.0076290396e+00;1.0040542181e+00;1.0143013054e+00;1.0021971774e+00;1.0040995584e+00;1.0000549311e+00;1.0074188835e+00
4.7185920000e-01;1.0000408509e+00;1.0036730731e+00;1.0013241253e+00;1.0014018233e+00;1.0004711415e+00;1.0000259981e+00;1.0075066544e+00;1.0004922217e+00;1.0148170749e+00;1.0013873606e+00;1.0135015407e+00;1.0074904070e+00;1.0040029336e+00;1.0140856595e+00;1.0020284244e+00;1.0041531586e+00;1.0000303792e+00;1.0072749736e+00
5.2428800000e-01;1.0001021198e+00;1.0036647348e+00;1.0012763056e+00;1.0013901736e+00;1.0004432159e+00;1.0001873818e+00;1.0072917122e+00;1.0005332344e+00;1.0146402736e+00;1.0013814662e+00;1.0133811579e+00;1.0074561048e+00;1.0039609655e+00;1.0139034284e+00;1.0020464178e+00;1.0041156426e+00;9.9995714276e-01;1.0070959198e+00
5.7671680000e-01;1.0001092905e+00;1.0036773002e+00;1.0012934450e+00;1.0014307209e+00;1.0005635469e+00;1.0002189869e+00;1.0069674185e+00;1.0005875193e+00;1.0145393044e+00;1.0013752522e+00;1.0134021927e+00;1.0072488444e+00;1.0037517090e+00;1.0137112792e+00;1.0019413915e+00;1.0040998864e+00;9.9992359610e-01;1.0070519180e+00
6.2914560000e-01;1.0000249199e+00;1.0037063839e+00;1.0012939952e+00;1.0013586372e+00;1.0005021444e+00;1.0001457442e+00;1.0066719898e+00;1.0005555281e+00;1.0144735368e+00;1.0013180821e+00;1.0133928040e+00;1.0072473677e+00;1.0036927350e+00;1.0135160703e+00;1.0019263493e+00;1.0042330510e+00;9.9995339265e-01;1.0070896107e+00
6.8157440000e-01;1.0000030126e+00;1.0036403486e+00;1.0011361277e+00;1.0013603837e+00;1.0005195411e+00;1.0002129233e+00;1.0063116119e+00;1.0004740387e+00;1.0143816097e+00;1.0013225801e+00;1.0132972697e+00;1.0072352089e+00;1.0035697605e+00;1.0133036905e+00;1.0018800402e+00;1.0040316575e+00;9.9996761810e-01;1.0069343576e+00
7.3400320000e-01;1.0000278242e+00;1.0036621144e+00;1.0011251611e+00;1.0013224060e+00;1.0005178421e+00;1.0000876005e+00;1.0060793570e+00;1.0004991592e+00;1.0141638609e+00;1.0011831020e+00;1.0132533896e+00;1.0071792912e+00;1.0033889310e+00;1.0130901167e+00;1.0018824637e+00;1.0038965679e+00;9.9997048646e-01;1.0069068454e+00
7.8643200000e-01;9.9993823725e-01;1.0036431355e+00;1.0011753297e+00;1.0013628690e+00;1.0005302282e+00;1.0001069116e+00;1.0058096428e+00;1.0006050502e+00;1.0140643308e+00;1.0011362313e+00;1.0132352985e+00;1.0071452895e+00;1.0032815550e+00;1.0129515784e+00;1.0018105612e+00;1.0040042124e+00;1.0000036670e+00;1.0068745227e+00
8.3886080000e-01;9.9999352380e-01;1.0035888796e+00;1.0011272813e+00;1.0012493597e+00;1.0004870159e+00;1.0001078294e+00;1.0056465366e+00;1.0005939009e+00;1.0138512419e+00;1.0011473938e+00;1.0131219023e+00;1.0070430637e+00;1.0032113721e+00;1.0128150261e+00;1.0018484368e+00;1.0040235447e+00;1.0000550651e+00;1.0066865178e+00
9.4371840000e-01;9.9997031076e-01;1.0036171540e+00;1.0010793242e+00;1.0012168841e+00;1.0004238792e+00;1.0001171543e+00;1.0051791394e+00;1.0005277768e+00;1.0135559303e+00;1.0010072133e+00;1.0130527499e+00;1.0069410490e+00;1.0029691457e+00;1.0123218605e+00;1.0017744358e+00;1.0040021368e+00;9.9998054715e-01;1.0065519389e+00
1.0485760000e+00;1.0000449840e+00;1.0035368866e+00;1.0010552423e+00;1.0012096828e+00;1.0004272937e+00;1.0000677786e+00;1.0046145228e+00;1.0005060237e+00;1.0134934322e+00;1.0008937731e+00;1.0129506916e+00;1.0068257788e+00;1.0027078609e+00;1.0118660000e+00;1.0017068803e+00;1.0038974726e+00;1.0000625535e+00;1.0064972807e+00
1.1534336000e+00;9.9996117489e-01;1.0035440464e+00;1.0010528694e+00;1.0011384884e+00;1.0004779463e+00;1.0000799044e+00;1.0041773461e+00;1.0005217981e+00;1.0133084326e+00;1.0009091317e+00;1.0128494554e+00;1.0068847202e+00;1.0023903272e+00;1.0114973054e+00;1.0017369804e+00;1.0039351863e+00;1.0000814131e+00;1.0062895926e+00
1.2582912000e+00;9.9997916870e-01;1.0035051890e+00;1.0010015474e+00;1.0010939636e+00;1.0004599291e+00;1.0001338182e+00;1.0038759981e+00;1.0005467484e+00;1.0132333812e+00;1.0008229582e+00;1.0127084675e+00;1.0069061415e+00;1.0020966104e+00;1.0112004036e+00;1.0017616355e+00;1.0039556162e+00;1.0000543486e+00;1.0062171301e+00
1.3631488000e+00;1.0000085774e+00;1.0034684400e+00;1.0009462910e+00;1.0011079019e+00;1.0003411218e+00;1.0000619992e+00;1.0034303210e+00;1.0005583863e+00;1.0131390471e+00;1.0008304976e+00;1.0127318367e+00;1.0067880326e+00;1.0018624368e+00;1.0109641436e+00;1.0016430558e+00;1.0038928814e+00;9.9992674499e-01;1.0060771335e+00
1.4680064000e+00;9.9993944070e-01;1.0033843167e+00;1.0009034582e+00;1.0010891500e+00;1.0004527008e+00;1.0001080036e+00;1.0027971012e+00;1.0004908200e+00;1.0128318827e+00;1.0007590545e+00;1.0126123891e+00;1.0067836478e+00;1.0016331241e+00;1.0109012547e+00;1.0016504825e+00;1.0038627020e+00;9.9996777214e-01;1.0059463542e+00
1.5728640000e+00;9.9997360592e-01;1.0034043451e+00;1.0008187803e+00;1.0009696591e+00;1.0004401822e+00;1.0001369569e+00;1.0024211590e+00;1.0005447437e+00;1.0124175485e+00;1.0007000451e+00;1.0126379415e+00;1.0066297182e+00;1.0013860945e+00;1.0110584839e+00;1.0015928335e+00;1.0038453199e+00;9.9997683472e-01;1.0058220780e+00
1.6777216000e+00;9.9993861372e-01;1.0033953142e+00;1.0007217577e+00;1.0009796306e+00;1.0003677363e+00;1.0000753992e+00;1.0022018478e+00;1.0004093797e+00;1.0120248142e+00;1.0006788042e+00;1.0125542353e+00;1.0064970594e+00;1.0011270865e+00;1.0111090113e+00;1.0014956494e+00;1.0038621786e+00;9.9996829815e-01;1.0057148189e+00
1.8874368000e+00;1.0000399344e+00;1.0033326343e+00;1.0005998549e+00;1.0008706551e+00;1.0004026280e+00;1.0000553052e+00;1.0017065253e+00;1.0005739463e+00;1.0107935873e+00;1.0005007573e+00;1.0123538752e+00;1.0061714128e+00;1.0008201986e+00;1.0111578396e+00;1.0013188136e+00;1.0037737249e+00;9.9996459052e-01;1.0052996066e+00
2.0971520000e+00;9.9993425787e-01;1.0032517229e+00;1.0004220336e+00;1.0008183806e+00;1.0003425971e+00;1.0000768124e+00;1.0015841247e+00;1.0004726220e+00;1.0097959011e+00;1.0004292761e+00;1.0121650077e+00;1.0058342560e+00;1.0006042667e+00;1.0110797247e+00;1.0011985743e+00;1.0036964549e+00;9.9996255161e-01;1.0049532354e+00
2.3068672000e+00;1.0000175836e+00;1.0031942555e+00;1.0002294932e+00;1.0007755764e+00;1.0003847446e+00;1.0000389493e+00;1.0015430787e+00;1.0004623608e+00;1.0090565690e+00;1.0004369966e+00;1.0119483750e+00;1.0054411569e+00;1.0002339014e+00;1.0111289211e+00;1.0011120049e+00;1.0035396112e+00;9.9997545893e-01;1.0047991285e+00
2.5165824000e+00;9.9996395757e-01;1.0031279517e+00;1.0000580031e+00;1.0005560982e+00;1.0003496491e+00;1.0000780262e+00;1.0015509847e+00;1.0005118798e+00;1.0084386495e+00;1.0003725810e+00;1.0116746698e+00;1.0049070234e+00;1.0001469927e+00;1.0112635476e+00;1.0010394893e+00;1.0034418198e+00;1.0000106476e+00;1.0045791991e+00
2.7262976000e+00;9.9995322986e-01;1.0031013398e+00;9.9994643525e-01;1.0005798308e+00;1.0003466983e+00;1.0000419943e+00;1.0015287206e+00;1.0004657218e+00;1.0078768215e+00;1.0003985539e+00;1.0114831408e+00;1.0043674481e+00;1.0000615840e+00;1.0110609922e+00;1.0008661130e+00;1.0033769581e+00;9.9991750270e-01;1.0043693854e+00
2.9360128000e+00;1.0000064947e+00;1.0030112764e+00;9.9982064384e-01;1.0005017381e+00;1.0003045088e+00;9.9999824165e-01;1.0016043824e+00;1.0004371956e+00;1.0072822213e+00;1.0003803275e+00;1.0112937879e+00;1.0039923332e+00;1.0000369358e+00;1.0105190970e+00;1.0007359635e+00;1.0032689972e+00;9.9999001125e-01;1.0041924658e+00
3.1457280000e+00;1.0000178851e+00;1.0029892185e+00;9.9961561005e-01;1.0004567839e+00;1.0003187827e+00;1.0000656555e+00;1.0014022222e+00;1.0004008628e+00;1.0065894792e+00;1.0003722575e+00;1.0110466237e+00;1.0037297319e+00;1.0001022105e+00;1.0097032962e+00;1.0006523434e+00;1.0032267496e+00;1.0000114495e+00;1.0040167215e+00
3.3554432000e+00;1.0000263493e+00;1.0028559883e+00;9.9950048989e-01;1.0004273635e+00;1.0003026444e+00;1.0000408215e+00;1.0014433041e+00;1.0004042193e+00;1.0060472150e+00;1.0003893468e+00;1.0108129003e+00;1.0033900773e+00;1.0001438042e+00;1.0091238860e+00;1.0005008852e+00;1.0031529712e+00;1.0000632716e+00;1.0039173192e+00
3.7748736000e+00;1.0000129675e+00;1.0026533283e+00;9.9935668074e-01;1.0003795948e+00;1.0003067244e+00;9.9999920770e-01;1.0010626367e+00;1.0003956358e+00;1.0053655268e+00;1.0004844285e+00;1.0102979400e+00;1.0028607275e+00;1.0001367774e+00;1.0074764487e+00;1.0006256620e+00;1.0029613060e+00;1.0000556275e+00;1.0035631976e+00
4.1943040000e+00;1.0000502114e+00;1.0023586693e+00;9.9921796714e-01;1.0003347458e+00;1.0002905724e+00;9.9996971924e-01;1.0004747300e+00;1.0003697266e+00;1.0048914214e+00;1.0005332489e+00;1.0096250637e+00;1.0022796809e+00;1.0002301636e+00;1.0060752810e+00;1.0005813996e+00;1.0027231651e+00;1.0000493898e+00;1.0032446611e+00
4.6137344000e+00;1.0000297063e+00;1.0020285562e+00;9.9911180360e-01;1.0002758610e+00;1.0002901204e+00;9.9999475651e-01;1.0001110418e+00;1.0003204363e+00;1.0044160981e+00;1.0005009763e+00;1.0089477142e+00;1.0017869446e+00;1.0002505153e+00;1.0055472699e+00;1.0002665524e+00;1.0025550970e+00;9.9999803166e-01;1.0029927494e+00
5.0331648000e+00;1.0000145174e+00;1.0017675952e+00;9.9910032736e-01;1.0001859433e+00;1.0002969058e+00;1.0000296135e+00;1.0000280144e+00;1.0003053127e+00;1.0041691096e+00;1.0002091215e+00;1.0083334149e+00;1.0011424763e+00;1.0003068291e+00;1.0052179234e+00;1.0001744394e+00;1.0023452899e+00;1.0000281083e+00;1.0027736813e+00
5.4525952000e+00;9.9999815897e-01;1.0014236437e+00;9.9918053493e-01;1.0001531287e+00;1.0002602876e+00;9.9995813295e-01;9.9995440909e-01;1.0002886820e+00;1.0039543429e+00;9.9993047923e-01;1.0078815838e+00;1.0007684485e+00;1.0002520930e+00;1.0048989788e+00;1.0002283718e+00;1.0021511000e+00;1.0000045433e+00;1.0026467937e+00
5.8720256000e+00;1.0000103009e+00;1.0011607978e+00;9.9932318796e-01;1.0001624570e+00;1.0002124725e+00;9.9998420450e-01;1.0000467104e+00;1.0002619393e+00;1.0035942394e+00;9.9987344833e-01;1.0074161872e+00;1.0008426671e+00;1.0001046858e+00;1.0037237023e+00;1.0000721685e+00;1.0019367422e+00;9.9996972310e-01;1.0026629576e+00
6.2914560000e+00;9.9999723913e-01;1.0009263194e+00;9.9950289624e-01;1.0001161886e+00;1.0001827925e+00;9.9999748056e-01;1.0002913806e+00;1.0002215575e+00;1.0032686140e+00;9.9982588542e-01;1.0069459818e+00;1.0006171456e+00;9.9992155736e-01;1.0018576332e+00;9.9996602720e-01;1.0017495170e+00;9.9998236593e-01;1.0024214672e+00
6.7108864000e+00;9.9995958617e-01;1.0005531293e+00;9.9977266587e-01;1.0000812161e+00;1.0001815521e+00;1.0000188741e+00;1.0002971097e+00;1.0002083462e+00;1.0030618809e+00;9.9974408591e-01;1.0063225137e+00;1.0000133575e+00;9.9980834557e-01;9.9987374010e-01;1.0000135490e+00;1.0016008225e+00;9.9988423249e-01;1.0021695507e+00
7.5497472000e+00;1.0000118963e+00;9.9986798393e-01;1.0002326749e+00;9.9986711902e-01;1.0001205093e+00;1.0000148768e+00;1.0002066118e+00;1.0001354599e+00;1.0023642802e+00;9.9974526015e-01;1.0050417702e+00;9.9982792164e-01;9.9980738916e-01;9.9811469522e-01;9.9988255012e-01;1.0012787968e+00;1.0000335839e+00;1.0016138594e+00
8.3886080000e+00;1.0000190573e+00;9.9913277362e-01;1.0007815696e+00;9.9979197906e-01;1.0001177983e+00;9.9997190967e-01;9.9959689565e-01;1.0000153224e+00;1.0016485398e+00;9.9975660758e-01;1.0039712557e+00;9.9958747688e-01;9.9983215774e-01;9.9592943546e-01;9.9981951640e-01;1.0009951516e+00;1.0000304888e+00;1.0012397948e+00
9.2274688000e+00;1.0000430527e+00;9.9856454671e-01;1.0010953026e+00;9.9967852720e-01;1.0000771269e+00;9.9991244770e-01;9.9983952190e-01;9.9993360144e-01;1.0007201021e+00;9.9971555809e-01;1.0025427590e+00;9.9903706884e-01;9.9977179243e-01;9.9194061549e-01;9.9965145863e-01;1.0007260836e+00;1.0000393519e+00;1.0008569411e+00
1.0066329600e+01;9.9998316890e-01;9.9808806716e-01;1.0010612181e+00;9.9971582697e-01;9.9998853170e-01;9.9987098864e-01;9.9978448680e-01;9.9986783281e-01;1.0001151629e+00;9.9965219984e-01;1.0012887197e+00;9.9867790531e-01;9.9965997797e-01;9.8976664892e-01;9.9945092669e-01;1.0004114416e+00;9.9993693096e-01;1.0002942777e+00
1.0905190400e+01;9.9995898380e-01;9.9750054461e-01;1.0007846135e+00;9.9980738419e-01;9.9999545938e-01;9.9985974430e-01;9.9945198576e-01;9.9979328872e-01;9.9949033171e-01;9.9962465744e-01;9.9968445221e-01;9.9798333924e-01;9.9964321544e-01;9.8830439874e-01;9.9932432213e-01;1.0000507078e+00;9.9996561121e-01;9.9982220995e-01
1.1744051200e+01;9.9999660824e-01;9.9702298596e-01;1.0001682840e+00;9.9979462526e-01;9.9986391609e-01;9.9986546500e-01;9.9934976837e-01;9.9974139367e-01;9.9878976842e-01;9.9965561578e-01;9.9807227791e-01;9.9711085452e-01;9.9959580454e-01;9.8760297420e-01;9.9918323969e-01;9.9968421403e-01;1.0000239160e+00;9.9927622093e-01
1.2582912000e+01;1.0000215325e+00;9.9682157083e-01;9.9957825609e-01;9.9981669862e-01;9.9982654944e-01;9.9986553151e-01;9.9910536892e-01;9.9969616184e-01;9.9800749406e-01;9.9977503778e-01;9.9640748316e-01;9.9651797064e-01;9.9942468842e-01;9.8709499268e-01;9.9911501945e-01;9.9914792980e-01;1.0000168695e+00;9.9849740459e-01
1.3421772800e+01;1.0000065727e+00;9.9685924715e-01;9.9901484115e-01;9.9984039673e-01;9.9986570804e-01;9.9989889283e-01;9.9923500160e-01;9.9966384718e-01;9.9650818286e-01;9.9990967791e-01;9.9479739827e-01;9.9571600894e-01;9.9933009398e-01;9.8681578503e-01;9.9893236637e-01;9.9875027472e-01;1.0000188336e+00;9.9770047550e-01
1.5099494400e+01;9.9995542409e-01;9.9682073669e-01;9.9879386690e-01;1.0002193389e+00;9.9966742804e-01;1.0000076817e+00;9.9902163609e-01;9.9958986109e-01;9.9396412082e-01;1.0000469766e+00;9.9183831211e-01;9.9515087572e-01;9.9933379122e-01;9.8816662014e-01;9.9891632203e-01;9.9787863403e-01;9.9998455379e-01;9.9686114501e-01
1.6777216000e+01;9.9999520122e-01;9.9738945737e-01;9.9952828699e-01;1.0001424753e+00;9.9952535471e-01;9.9999533839e-01;9.9854987419e-01;9.9951528166e-01;9.9239587259e-01;9.9991883291e-01;9.8838507462e-01;9.9504227015e-01;9.9917843591e-01;9.9122863313e-01;9.9883276534e-01;9.9696119806e-01;9.9998949264e-01;9.9556436866e-01
1.8454937600e+01;1.0000039356e+00;9.9796329999e-01;1.0004490431e+00;9.9998232405e-01;9.9954449451e-01;1.0000011496e+00;9.9850274924e-01;9.9948811952e-01;9.9116473463e-01;9.9986519410e-01;9.8553002156e-01;9.9449571769e-01;9.9901749193e-01;9.9619224484e-01;9.9865702597e-01;9.9616494215e-01;9.9997245045e-01;9.9498003803e-01
2.0132659200e+01;9.9997612306e-01;9.9875744619e-01;1.0005917150e+00;9.9988700185e-01;9.9950464229e-01;1.0000065845e+00;9.9730881147e-01;9.9952925983e-01;9.8951889203e-01;9.9898578413e-01;9.8336355374e-01;9.9426571565e-01;9.9919367457e-01;1.0000160286e+00;9.9886545838e-01;9.9513260326e-01;1.0000009775e+00;9.9383090137e-01
2.1810380800e+01;9.9998899653e-01;9.9935946271e-01;9.9967794913e-01;9.9938858951e-01;9.9946587937e-01;1.0000906957e+00;9.9612523012e-01;9.9952825135e-01;9.8678398669e-01;9.9890548562e-01;9.7984351468e-01;9.9622016382e-01;9.9855657458e-01;1.0024604416e+00;9.9914082032e-01;9.9375412422e-01;1.0000030429e+00;9.9302084294e-01
2.3488102400e+01;9.9991204501e-01;9.9995544325e-01;9.9883532922e-01;9.9892479512e-01;9.9938704613e-01;1.0001504657e+00;9.9566958977e-01;9.9952306755e-01;9.8380172396e-01;1.0000653127e+00;9.7670869535e-01;9.9899942766e-01;9.9751302357e-01;1.0077224901e+00;1.0007554556e+00;9.9244082975e-01;1.0000149693e+00;9.9104601840e-01
2.5165824000e+01;9.9996614919e-01;1.0001532068e+00;9.9909414873e-01;9.9692238365e-01;9.9924743502e-01;1.0000499163e+00;9.9436867355e-01;9.9954803016e-01;9.7892198255e-01;9.9862085884e-01;9.7351557535e-01;1.0021442287e+00;9.9865773668e-01;1.0093813009e+00;1.0019818847e+00;9.9180312074e-01;1.0000073945e+00;9.8943156838e-01
2.6843545600e+01;9.9999762828e-01;1.0006588228e+00;9.9984956035e-01;9.9499848945e-01;9.9934836067e-01;9.9998084585e-01;9.9540323763e-01;9.9965574607e-01;9.7403888149e-01;9.9963741888e-01;9.7599679278e-01;1.0041390957e+00;9.9971237607e-01;1.0116899993e+00;1.0005503770e+00;9.9169691544e-01;1.0000093712e+00;9.8668187749e-01
