;03_DM100_3_1_1_1;03_DM100_3_2_1_1;03_DM100_3_3_1_1;03_DM100_3_4_1_1;03_DM100_3_5_1_1;03_DM100_3_6_1_1;03_DM100_3_7_1_1;03_DM100_3_8_1_1;03_DM100_3_9_1_1;03_DM100_3_10_1_1;03_DM100_3_11_1_1;03_DM100_3_12_1_1;03_DM100_3_13_1_1;03_DM100_3_14_1_1;03_DM100_3_15_1_1;03_DM100_3_16_1_1;03_DM100_3_17_1_1;03_DM100_3_18_1_1;03_DM100_3_19_1_1;03_DM100_3_20_1_1
2.0000000000e-07;9.4390577527e-01;9.4436924039e-01;9.4370090766e-01;9.4383641548e-01;9.4433308607e-01;9.4377477142e-01;9.4383623789e-01;9.4386388543e-01;9.4469396564e-01;9.4376770604e-01;9.4429395548e-01;9.4390028245e-01;9.4488851553e-01;9.4451455838e-01;9.4408671974e-01;9.4367397156e-01;9.4377760383e-01;9.4416749147e-01;9.4510697622e-01;9.4321239878e-01
4.0000000000e-07;1.0271288378e+00;1.0282268978e+00;1.0279074619e+00;1.0279094212e+00;1.0284213032e+00;1.0278736362e+00;1.0286157662e+00;1.0278608654e+00;1.0279484727e+00;1.0275016410e+00;1.0276728838e+00;1.0279250195e+00;1.0282506715e+00;1.0281469864e+00;1.0284684479e+00;1.0287514037e+00;1.0283798939e+00;1.0290345637e+00;1.0280356292e+00;1.0284348974e+00
6.0000000000e-07;1.0280112950e+00;1.0278476021e+00;1.0283361085e+00;1.0280559690e+00;1.0280390991e+00;1.0283475121e+00;1.0279978797e+00;1.0280699483e+00;1.0275364923e+00;1.0278531296e+00;1.0273922653e+00;1.0284892898e+00;1.0280960566e+00;1.0278726359e+00;1.0276752849e+00;1.0279453933e+00;1.0279267775e+00;1.0279431121e+00;1.0280311522e+00;1.0279524011e+00
8.0000000000e-07;1.0269403896e+00;1.0277980059e+00;1.0266187241e+00;1.0272696757e+00;1.0266109053e+00;1.0266128957e+00;1.0268308337e+00;1.0267164721e+00;1.0274895382e+00;1.0266656553e+00;1.0272022332e+00;1.0276162158e+00;1.0274557335e+00;1.0276721106e+00;1.0273893247e+00;1.0266714014e+00;1.0269551807e+00;1.0277362026e+00;1.0269171833e+00;1.0271564993e+00
1.0000000000e-06;1.0284859061e+00;1.0288492712e+00;1.0284242179e+00;1.0281768031e+00;1.0290921830e+00;1.0281766104e+00;1.0280380391e+00;1.0287262829e+00;1.0293145702e+00;1.0284436183e+00;1.0284965526e+00;1.0284627822e+00;1.0287406743e+00;1.0284846582e+00;1.0286539189e+00;1.0282086020e+00;1.0288927531e+00;1.0286868971e+00;1.0285853266e+00;1.0290984398e+00
1.2000000000e-06;1.0263020472e+00;1.0269083824e+00;1.0269923282e+00;1.0260050325e+00;1.0272993866e+00;1.0259191027e+00;1.0267634279e+00;1.0265068959e+00;1.0270623341e+00;1.0266167625e+00;1.0270609190e+00;1.0273567745e+00;1.0275114444e+00;1.0267646031e+00;1.0272277892e+00;1.0272212295e+00;1.0272971498e+00;1.0268274762e+00;1.0265994753e+00;1.0267524519e+00
1.4000000000e-06;1.0269440886e+00;1.0272057579e+00;1.0266610041e+00;1.0264109767e+00;1.0272570865e+00;1.0279142213e+00;1.0269731508e+00;1.0269098961e+00;1.0271687012e+00;1.0263953771e+00;1.0276915388e+00;1.0271467020e+00;1.0277721316e+00;1.0276408150e+00;1.0273241898e+00;1.0274382224e+00;1.0277801848e+00;1.0275167005e+00;1.0272467391e+00;1.0273051243e+00
1.6000000000e-06;1.0265280117e+00;1.0274106807e+00;1.0270824174e+00;1.0264640531e+00;1.0273510501e+00;1.0273595752e+00;1.0273524632e+00;1.0270042406e+00;1.0272712873e+00;1.0269549675e+00;1.0272020817e+00;1.0275714014e+00;1.0274885971e+00;1.0268754399e+00;1.0277771138e+00;1.0271149437e+00;1.0283298017e+00;1.0272153120e+00;1.0271742785e+00;1.0272676109e+00
1.8000000000e-06;1.0265971571e+00;1.0266370136e+00;1.0261079888e+00;1.0260149690e+00;1.0260285134e+00;1.0260200705e+00;1.0263064976e+00;1.0264754264e+00;1.0266442611e+00;1.0259828804e+00;1.0261710038e+00;1.0260364942e+00;1.0264932296e+00;1.0267074612e+00;1.0262782598e+00;1.0265141057e+00;1.0267418728e+00;1.0261450287e+00;1.0259982009e+00;1.0261868524e+00
2.0000000000e-06;1.0275504239e+00;1.0281821104e+00;1.0273785312e+00;1.0278763596e+00;1.0279360209e+00;1.0275389722e+00;1.0274165918e+00;1.0278486450e+00;1.0281305765e+00;1.0277744360e+00;1.0275130346e+00;1.0279964742e+00;1.0282029545e+00;1.0281212801e+00;1.0277693663e+00;1.0278473733e+00;1.0283858630e+00;1.0283398562e+00;1.0276738485e+00;1.0279595507e+00
2.2000000000e-06;1.0258861618e+00;1.0264841643e+00;1.0259471132e+00;1.0252435079e+00;1.0266152537e+00;1.0259369012e+00;1.0261713830e+00;1.0261139721e+00;1.0266439976e+00;1.0255868143e+00;1.0264467022e+00;1.0260666035e+00;1.0264843367e+00;1.0258574585e+00;1.0257873385e+00;1.0263344792e+00;1.0263981592e+00;1.0264616293e+00;1.0262565538e+00;1.0255384520e+00
2.4000000000e-06;1.0263696881e+00;1.0264719560e+00;1.0264978150e+00;1.0269933451e+00;1.0269767557e+00;1.0263580745e+00;1.0264693424e+00;1.0263718898e+00;1.0267952322e+00;1.0262181479e+00;1.0266501594e+00;1.0269519981e+00;1.0274093497e+00;1.0263348876e+00;1.0272104761e+00;1.0268963617e+00;1.0275931788e+00;1.0268992167e+00;1.0267698612e+00;1.0267351278e+00
2.6000000000e-06;1.0261598641e+00;1.0264891895e+00;1.0266684528e+00;1.0271376233e+00;1.0259773497e+00;1.0263001583e+00;1.0263844156e+00;1.0265556860e+00;1.0268026625e+00;1.0266659452e+00;1.0270094945e+00;1.0269009590e+00;1.0268589696e+00;1.0278348831e+00;1.0277648149e+00;1.0261280224e+00;1.0273927277e+00;1.0267232788e+00;1.0267997440e+00;1.0270758139e+00
2.8000000000e-06;1.0255273330e+00;1.0257860101e+00;1.0254422409e+00;1.0256942990e+00;1.0260345473e+00;1.0258268074e+00;1.0259132867e+00;1.0259140622e+00;1.0258388101e+00;1.0251899212e+00;1.0258796095e+00;1.0261967894e+00;1.0264441692e+00;1.0250871488e+00;1.0258989756e+00;1.0257665957e+00;1.0264258424e+00;1.0259344864e+00;1.0261968858e+00;1.0255296323e+00
3.0000000000e-06;1.0266085168e+00;1.0267848378e+00;1.0278194818e+00;1.0271502439e+00;1.0275230587e+00;1.0272653929e+00;1.0275321492e+00;1.0269821022e+00;1.0273283695e+00;1.0262870659e+00;1.0274356959e+00;1.0273270713e+00;1.0273289988e+00;1.0277802878e+00;1.0274169350e+00;1.0272381500e+00;1.0280547402e+00;1.0276939877e+00;1.0271331705e+00;1.0270236253e+00
3.2000000000e-06;1.0257174770e+00;1.0255510969e+00;1.0250181353e+00;1.0253632523e+00;1.0254999637e+00;1.0255899484e+00;1.0247097582e+00;1.0262042141e+00;1.0261997275e+00;1.0247249502e+00;1.0253294389e+00;1.0261825830e+00;1.0260677047e+00;1.0252527591e+00;1.0257333834e+00;1.0251042375e+00;1.0259911257e+00;1.0256165530e+00;1.0261247381e+00;1.0254343517e+00
3.6000000000e-06;1.0255745712e+00;1.0260088113e+00;1.0257859875e+00;1.0256605764e+00;1.0259473073e+00;1.0262027332e+00;1.0260160682e+00;1.0257265523e+00;1.0257081930e+00;1.0259853425e+00;1.0261210215e+00;1.0259813936e+00;1.0261237474e+00;1.0264365227e+00;1.0255914029e+00;1.0253535963e+00;1.0260949286e+00;1.0259795312e+00;1.0259027151e+00;1.0261395988e+00
4.0000000000e-06;1.0256225583e+00;1.0258735148e+00;1.0261180786e+00;1.0261756727e+00;1.0263557736e+00;1.0261223896e+00;1.0259616895e+00;1.0258094324e+00;1.0261452823e+00;1.0256444635e+00;1.0259657630e+00;1.0260206822e+00;1.0262407612e+00;1.0259155260e+00;1.0260235703e+00;1.0259903379e+00;1.0262298458e+00;1.0261752787e+00;1.0261416367e+00;1.0255812289e+00
4.4000000000e-06;1.0256224237e+00;1.0259622003e+00;1.0250795193e+00;1.0253080947e+00;1.0259723786e+00;1.0252830187e+00;1.0257914879e+00;1.0251049015e+00;1.0256303735e+00;1.0252793022e+00;1.0255732885e+00;1.0250200953e+00;1.0254912543e+00;1.0254675136e+00;1.0256330656e+00;1.0252832675e+00;1.0261319191e+00;1.0255910357e+00;1.0254160717e+00;1.0262073962e+00
4.8000000000e-06;1.0251071598e+00;1.0253273302e+00;1.0254536272e+00;1.0254711108e+00;1.0256625013e+00;1.0256394908e+00;1.0250783640e+00;1.0253752836e+00;1.0252733224e+00;1.0252879938e+00;1.0252508807e+00;1.0256778330e+00;1.0258916230e+00;1.0256828964e+00;1.0253426606e+00;1.0251736585e+00;1.0257501868e+00;1.0258816462e+00;1.0255423042e+00;1.0258786316e+00
5.2000000000e-06;1.0245264622e+00;1.0255576992e+00;1.0249604440e+00;1.0251702426e+00;1.0255043186e+00;1.0250102347e+00;1.0252465517e+00;1.0248361435e+00;1.0255150588e+00;1.0249770269e+00;1.0251713011e+00;1.0250936257e+00;1.0255649503e+00;1.0250640216e+00;1.0256320889e+00;1.0254712004e+00;1.0254231578e+00;1.0251198752e+00;1.0255366558e+00;1.0251529767e+00
5.6000000000e-06;1.0248108397e+00;1.0249154767e+00;1.0251617849e+00;1.0253411667e+00;1.0252239748e+00;1.0250104585e+00;1.0247853321e+00;1.0254038813e+00;1.0253170470e+00;1.0246635837e+00;1.0249590507e+00;1.0255291216e+00;1.0250702874e+00;1.0256149521e+00;1.0249165427e+00;1.0250431347e+00;1.0255187030e+00;1.0254349268e+00;1.0249374310e+00;1.0250511826e+00
6.0000000000e-06;1.0246468589e+00;1.0253463808e+00;1.0246984319e+00;1.0248008744e+00;1.0253035601e+00;1.0247557223e+00;1.0248648564e+00;1.0247934643e+00;1.0255425887e+00;1.0247096126e+00;1.0251972347e+00;1.0252770925e+00;1.0257051999e+00;1.0251395852e+00;1.0250283594e+00;1.0250294845e+00;1.0256589860e+00;1.0249399916e+00;1.0247701721e+00;1.0255110580e+00
6.4000000000e-06;1.0244972397e+00;1.0246219980e+00;1.0244637149e+00;1.0248652068e+00;1.0248867155e+00;1.0242994065e+00;1.0247340519e+00;1.0246501075e+00;1.0249114134e+00;1.0243259564e+00;1.0243765229e+00;1.0247143011e+00;1.0251474073e+00;1.0249181935e+00;1.0248517184e+00;1.0245775292e+00;1.0249389484e+00;1.0245313610e+00;1.0248275578e+00;1.0247112065e+00
7.2000000000e-06;1.0239127210e+00;1.0242769490e+00;1.0242169035e+00;1.0247674475e+00;1.0243564599e+00;1.0245684561e+00;1.0245252419e+00;1.0241936353e+00;1.0246048612e+00;1.0241978050e+00;1.0243915063e+00;1.0248151736e+00;1.0247777662e+00;1.0246107140e+00;1.0247207424e+00;1.0243831990e+00;1.0244216235e+00;1.0250064185e+00;1.0245135211e+00;1.0242410130e+00
8.0000000000e-06;1.0240619945e+00;1.0242768381e+00;1.0237881640e+00;1.0242898265e+00;1.0244776405e+00;1.0240099891e+00;1.0242284525e+00;1.0243896928e+00;1.0243674759e+00;1.0238100291e+00;1.0239056763e+00;1.0242898426e+00;1.0243789799e+00;1.0243316856e+00;1.0243587422e+00;1.0244114590e+00;1.0246317246e+00;1.0243493235e+00;1.0243426894e+00;1.0242681810e+00
8.8000000000e-06;1.0234607454e+00;1.0235359385e+00;1.0234956069e+00;1.0235414750e+00;1.0237620133e+00;1.0238908553e+00;1.0241769427e+00;1.0235902448e+00;1.0240916180e+00;1.0236594143e+00;1.0237082341e+00;1.0240366355e+00;1.0241690362e+00;1.0238935433e+00;1.0241911234e+00;1.0237253100e+00;1.0242645147e+00;1.0240138309e+00;1.0240528370e+00;1.0239029288e+00
9.6000000000e-06;1.0233643609e+00;1.0239114128e+00;1.0234731271e+00;1.0235394982e+00;1.0237374863e+00;1.0237763441e+00;1.0231744063e+00;1.0235724571e+00;1.0237621955e+00;1.0236068676e+00;1.0233316525e+00;1.0238031241e+00;1.0237121403e+00;1.0239162062e+00;1.0237040256e+00;1.0235975604e+00;1.0242275524e+00;1.0238336355e+00;1.0238219971e+00;1.0239859719e+00
1.0400000000e-05;1.0232571224e+00;1.0234968467e+00;1.0235471572e+00;1.0233477684e+00;1.0240932763e+00;1.0234606010e+00;1.0235942414e+00;1.0233783738e+00;1.0234453049e+00;1.0231550496e+00;1.0233259927e+00;1.0237651232e+00;1.0235489828e+00;1.0235187074e+00;1.0234933241e+00;1.0229740774e+00;1.0234959044e+00;1.0239474235e+00;1.0237713435e+00;1.0234567221e+00
1.1200000000e-05;1.0226624594e+00;1.0231898895e+00;1.0228198679e+00;1.0230551963e+00;1.0233524443e+00;1.0229637124e+00;1.0229189298e+00;1.0230922851e+00;1.0227972523e+00;1.0229514014e+00;1.0230030508e+00;1.0235176474e+00;1.0230905158e+00;1.0232858469e+00;1.0235994215e+00;1.0227877870e+00;1.0233328408e+00;1.0233333858e+00;1.0229408200e+00;1.0233678738e+00
1.2000000000e-05;1.0224808718e+00;1.0231007673e+00;1.0227399933e+00;1.0226553737e+00;1.0231115313e+00;1.0229812733e+00;1.0233245858e+00;1.0229765978e+00;1.0233977793e+00;1.0227311720e+00;1.0229898100e+00;1.0229938362e+00;1.0231651486e+00;1.0231338296e+00;1.0228699207e+00;1.0228585116e+00;1.0235947248e+00;1.0231846085e+00;1.0231468558e+00;1.0229157924e+00
1.2800000000e-05;1.0226834061e+00;1.0231182021e+00;1.0227216019e+00;1.0226046206e+00;1.0228320359e+00;1.0226838985e+00;1.0223846729e+00;1.0227935378e+00;1.0229967465e+00;1.0224054958e+00;1.0227335826e+00;1.0228322249e+00;1.0228746102e+00;1.0222035982e+00;1.0231664618e+00;1.0226413923e+00;1.0229535874e+00;1.0230098011e+00;1.0228286957e+00;1.0226732920e+00
1.4400000000e-05;1.0219531971e+00;1.0224400117e+00;1.0222010577e+00;1.0223644336e+00;1.0226335343e+00;1.0224786685e+00;1.0223533721e+00;1.0223871435e+00;1.0225290466e+00;1.0220541239e+00;1.0224667690e+00;1.0228036587e+00;1.0228685770e+00;1.0224340367e+00;1.0222807548e+00;1.0222229764e+00;1.0225729904e+00;1.0223949518e+00;1.0224578205e+00;1.0223504357e+00
1.6000000000e-05;1.0217013369e+00;1.0221476929e+00;1.0217956755e+00;1.0219980429e+00;1.0221797860e+00;1.0221094205e+00;1.0219109708e+00;1.0220260112e+00;1.0218775881e+00;1.0218646552e+00;1.0218098405e+00;1.0219500877e+00;1.0223163654e+00;1.0221605964e+00;1.0224741514e+00;1.0222388772e+00;1.0222671896e+00;1.0223149467e+00;1.0220704384e+00;1.0222458625e+00
1.7600000000e-05;1.0214138740e+00;1.0216230562e+00;1.0213106356e+00;1.0215779017e+00;1.0219008551e+00;1.0218481471e+00;1.0215919449e+00;1.0216070189e+00;1.0216279226e+00;1.0215754196e+00;1.0214942365e+00;1.0215919794e+00;1.0220303675e+00;1.0217987864e+00;1.0217937088e+00;1.0215667221e+00;1.0218990581e+00;1.0215641699e+00;1.0215311901e+00;1.0218536649e+00
1.9200000000e-05;1.0212517804e+00;1.0214332410e+00;1.0213798099e+00;1.0214520969e+00;1.0215605798e+00;1.0214746243e+00;1.0211431464e+00;1.0212254200e+00;1.0215543415e+00;1.0213668055e+00;1.0213319666e+00;1.0213958168e+00;1.0217017655e+00;1.0213940952e+00;1.0214763013e+00;1.0212497363e+00;1.0217437004e+00;1.0217263727e+00;1.0214090468e+00;1.0215339952e+00
2.0800000000e-05;1.0208131107e+00;1.0209919838e+00;1.0210492911e+00;1.0212482107e+00;1.0214025268e+00;1.0212252392e+00;1.0211282228e+00;1.0210621955e+00;1.0213050823e+00;1.0206593198e+00;1.0210338546e+00;1.0211438277e+00;1.0214716498e+00;1.0211146564e+00;1.0210611841e+00;1.0210854221e+00;1.0212116627e+00;1.0210508572e+00;1.0212334991e+00;1.0212210809e+00
2.2400000000e-05;1.0205075546e+00;1.0209574901e+00;1.0208090513e+00;1.0209426264e+00;1.0210256109e+00;1.0206909278e+00;1.0211884889e+00;1.0209800860e+00;1.0208124697e+00;1.0206401676e+00;1.0210775778e+00;1.0208418256e+00;1.0210787590e+00;1.0208016735e+00;1.0211692027e+00;1.0207134990e+00;1.0214011278e+00;1.0209207152e+00;1.0208503329e+00;1.0208278166e+00
2.4000000000e-05;1.0203859478e+00;1.0205701622e+00;1.0202241992e+00;1.0206523176e+00;1.0207079863e+00;1.0208265290e+00;1.0208237942e+00;1.0204617288e+00;1.0206759179e+00;1.0203401059e+00;1.0203461537e+00;1.0206501577e+00;1.0209290051e+00;1.0206889369e+00;1.0208935576e+00;1.0204071331e+00;1.0210733211e+00;1.0207098739e+00;1.0204116566e+00;1.0207618328e+00
2.5600000000e-05;1.0202730061e+00;1.0204154735e+00;1.0202555486e+00;1.0204439690e+00;1.0206424713e+00;1.0203541221e+00;1.0203084617e+00;1.0203419064e+00;1.0204277274e+00;1.0199177994e+00;1.0205086847e+00;1.0203188989e+00;1.0207770312e+00;1.0204192966e+00;1.0203942335e+00;1.0199698342e+00;1.0206838753e+00;1.0204629322e+00;1.0203966741e+00;1.0205957258e+00
2.8800000000e-05;1.0196856141e+00;1.0199779621e+00;1.0196949110e+00;1.0197241896e+00;1.0201677913e+00;1.0200626587e+00;1.0197339023e+00;1.0199813623e+00;1.0198647454e+00;1.0195428752e+00;1.0197602275e+00;1.0199170522e+00;1.0200785200e+00;1.0199520205e+00;1.0199856872e+00;1.0198197517e+00;1.0202515340e+00;1.0202816971e+00;1.0198333604e+00;1.0199306006e+00
3.2000000000e-05;1.0192708253e+00;1.0196246712e+00;1.0192062408e+00;1.0193753448e+00;1.0196721493e+00;1.0195672347e+00;1.0195792880e+00;1.0193484203e+00;1.0195270931e+00;1.0192648130e+00;1.0191210453e+00;1.0195145303e+00;1.0193785065e+00;1.0195802360e+00;1.0196625163e+00;1.0194196999e+00;1.0197446468e+00;1.0196972285e+00;1.0195342794e+00;1.0193803621e+00
3.5200000000e-05;1.0190822859e+00;1.0190477135e+00;1.0188317403e+00;1.0191829036e+00;1.0193734472e+00;1.0192388011e+00;1.0189685096e+00;1.0188963841e+00;1.0190552125e+00;1.0188246261e+00;1.0188566063e+00;1.0191360094e+00;1.0193780692e+00;1.0191867008e+00;1.0192517808e+00;1.0189063513e+00;1.0192795025e+00;1.0192648192e+00;1.0191331044e+00;1.0191737218e+00
3.8400000000e-05;1.0185088562e+00;1.0188636455e+00;1.0183682758e+00;1.0187256501e+00;1.0189420910e+00;1.0189276180e+00;1.0186691322e+00;1.0185713175e+00;1.0188640435e+00;1.0184263563e+00;1.0186788264e+00;1.0189417860e+00;1.0189945400e+00;1.0187477514e+00;1.0187787720e+00;1.0187536311e+00;1.0188629020e+00;1.0187630005e+00;1.0187177467e+00;1.0190126110e+00
4.1600000000e-05;1.0183195450e+00;1.0186007680e+00;1.0180799837e+00;1.0183503299e+00;1.0184180576e+00;1.0183812307e+00;1.0184408678e+00;1.0184046807e+00;1.0186669935e+00;1.0181640189e+00;1.0182216988e+00;1.0185354656e+00;1.0186938180e+00;1.0184054052e+00;1.0184198474e+00;1.0183159032e+00;1.0185509918e+00;1.0185966316e+00;1.0184067507e+00;1.0185010458e+00
4.4800000000e-05;1.0179609369e+00;1.0181147936e+00;1.0178858991e+00;1.0181421020e+00;1.0184430590e+00;1.0181982775e+00;1.0179503157e+00;1.0180551819e+00;1.0182481204e+00;1.0178053457e+00;1.0180298086e+00;1.0182461471e+00;1.0184163390e+00;1.0180264288e+00;1.0181633577e+00;1.0179223433e+00;1.0184070078e+00;1.0181430138e+00;1.0180641815e+00;1.0181483793e+00
4.8000000000e-05;1.0175949344e+00;1.0178365839e+00;1.0175555407e+00;1.0176942948e+00;1.0180232199e+00;1.0178778811e+00;1.0177117156e+00;1.0176017408e+00;1.0179024536e+00;1.0175843538e+00;1.0176247594e+00;1.0179947526e+00;1.0180295411e+00;1.0179045912e+00;1.0179980145e+00;1.0176777794e+00;1.0180010592e+00;1.0178584505e+00;1.0178933440e+00;1.0179401924e+00
5.1200000000e-05;1.0175466112e+00;1.0175825392e+00;1.0172559794e+00;1.0173317215e+00;1.0176870182e+00;1.0176615251e+00;1.0173961067e+00;1.0173979743e+00;1.0177477655e+00;1.0172505166e+00;1.0175002036e+00;1.0176959393e+00;1.0178520647e+00;1.0175949053e+00;1.0176348863e+00;1.0174871219e+00;1.0177468398e+00;1.0176580888e+00;1.0174371350e+00;1.0176350887e+00
5.7600000000e-05;1.0169305868e+00;1.0170809482e+00;1.0168236548e+00;1.0168514417e+00;1.0171971185e+00;1.0170691093e+00;1.0169121280e+00;1.0169018306e+00;1.0170836031e+00;1.0167994213e+00;1.0168148884e+00;1.0171056220e+00;1.0172036273e+00;1.0168081453e+00;1.0170002396e+00;1.0168471896e+00;1.0171633546e+00;1.0170840926e+00;1.0169623024e+00;1.0170922361e+00
6.4000000000e-05;1.0163694260e+00;1.0166354427e+00;1.0162798517e+00;1.0163661992e+00;1.0166892491e+00;1.0165909684e+00;1.0165239015e+00;1.0163325622e+00;1.0166001917e+00;1.0163015505e+00;1.0164579466e+00;1.0165950299e+00;1.0167033668e+00;1.0164194133e+00;1.0164703888e+00;1.0164936711e+00;1.0167826590e+00;1.0164916518e+00;1.0164479570e+00;1.0166700735e+00
7.0400000000e-05;1.0159805776e+00;1.0161513368e+00;1.0158159765e+00;1.0159544466e+00;1.0161714076e+00;1.0160238080e+00;1.0159588957e+00;1.0158952742e+00;1.0162600927e+00;1.0158614502e+00;1.0159444370e+00;1.0162077755e+00;1.0162914441e+00;1.0159934310e+00;1.0161616879e+00;1.0160727822e+00;1.0163459164e+00;1.0160756143e+00;1.0160839012e+00;1.0160897959e+00
7.6800000000e-05;1.0155961210e+00;1.0157476298e+00;1.0153332283e+00;1.0154936016e+00;1.0158841316e+00;1.0157464302e+00;1.0156850084e+00;1.0155452395e+00;1.0157468493e+00;1.0153429419e+00;1.0155333665e+00;1.0158298682e+00;1.0159185466e+00;1.0156899347e+00;1.0156526382e+00;1.0155562246e+00;1.0159736013e+00;1.0157527436e+00;1.0157345044e+00;1.0157629327e+00
8.3200000000e-05;1.0151793517e+00;1.0153708524e+00;1.0151201194e+00;1.0150947605e+00;1.0154483635e+00;1.0152572824e+00;1.0152027519e+00;1.0150917564e+00;1.0154654187e+00;1.0150119852e+00;1.0151634979e+00;1.0153414614e+00;1.0155230996e+00;1.0151263384e+00;1.0152437400e+00;1.0150226616e+00;1.0154460018e+00;1.0153820107e+00;1.0151872880e+00;1.0153928127e+00
8.9600000000e-05;1.0148344163e+00;1.0149398912e+00;1.0146508843e+00;1.0149606012e+00;1.0150453060e+00;1.0149400788e+00;1.0148112359e+00;1.0146815323e+00;1.0149561404e+00;1.0147116411e+00;1.0147824933e+00;1.0150105620e+00;1.0151446024e+00;1.0148217684e+00;1.0148619821e+00;1.0148757062e+00;1.0151291909e+00;1.0149041663e+00;1.0147422629e+00;1.0149560937e+00
9.6000000000e-05;1.0145378283e+00;1.0144843863e+00;1.0143527807e+00;1.0143408512e+00;1.0147499464e+00;1.0146198227e+00;1.0145294040e+00;1.0142949847e+00;1.0146261084e+00;1.0143140855e+00;1.0143307056e+00;1.0146036056e+00;1.0147396011e+00;1.0145260564e+00;1.0145044933e+00;1.0145006169e+00;1.0147433947e+00;1.0145614264e+00;1.0145264957e+00;1.0147445007e+00
1.0240000000e-04;1.0141406906e+00;1.0142625872e+00;1.0140399257e+00;1.0140023728e+00;1.0143754005e+00;1.0142543395e+00;1.0142711306e+00;1.0140510454e+00;1.0143883862e+00;1.0138427773e+00;1.0140858034e+00;1.0143379701e+00;1.0144298278e+00;1.0141482033e+00;1.0142761963e+00;1.0140330752e+00;1.0143300846e+00;1.0143121528e+00;1.0141524429e+00;1.0143074606e+00
1.1520000000e-04;1.0135935357e+00;1.0136178790e+00;1.0134125113e+00;1.0135403649e+00;1.0138465245e+00;1.0136946847e+00;1.0135979632e+00;1.0133501009e+00;1.0137892936e+00;1.0133105843e+00;1.0134831580e+00;1.0138148225e+00;1.0137504926e+00;1.0135852594e+00;1.0136717184e+00;1.0134841152e+00;1.0139026737e+00;1.0136497265e+00;1.0135527357e+00;1.0137239054e+00
1.2800000000e-04;1.0129859295e+00;1.0131151563e+00;1.0127746188e+00;1.0129784591e+00;1.0132435709e+00;1.0130722892e+00;1.0129771375e+00;1.0128007256e+00;1.0132345969e+00;1.0127645413e+00;1.0129721407e+00;1.0131111644e+00;1.0132120850e+00;1.0130016756e+00;1.0131067140e+00;1.0130336792e+00;1.0133414238e+00;1.0130415901e+00;1.0130136050e+00;1.0130510678e+00
1.4080000000e-04;1.0125596545e+00;1.0126185491e+00;1.0124469221e+00;1.0124420532e+00;1.0125789706e+00;1.0126671173e+00;1.0125071240e+00;1.0122179017e+00;1.0126899473e+00;1.0122512614e+00;1.0125346522e+00;1.0125315037e+00;1.0127043425e+00;1.0125363189e+00;1.0125385665e+00;1.0125328008e+00;1.0127797560e+00;1.0125801596e+00;1.0124415084e+00;1.0125479545e+00
1.5360000000e-04;1.0120775303e+00;1.0120627228e+00;1.0119031628e+00;1.0119596781e+00;1.0122665704e+00;1.0121146182e+00;1.0120478869e+00;1.0118105241e+00;1.0121594907e+00;1.0117667640e+00;1.0120720667e+00;1.0121801846e+00;1.0122966256e+00;1.0119757478e+00;1.0121104381e+00;1.0119840075e+00;1.0122582433e+00;1.0122420996e+00;1.0121258350e+00;1.0122084370e+00
1.6640000000e-04;1.0116520063e+00;1.0116705031e+00;1.0115711907e+00;1.0115052326e+00;1.0117827635e+00;1.0116413442e+00;1.0116141526e+00;1.0114121335e+00;1.0117022740e+00;1.0114038291e+00;1.0115998138e+00;1.0117340409e+00;1.0118225060e+00;1.0115917253e+00;1.0117610853e+00;1.0116991915e+00;1.0118648174e+00;1.0117119499e+00;1.0116424331e+00;1.0117592503e+00
1.7920000000e-04;1.0112099656e+00;1.0112650646e+00;1.0110503014e+00;1.0111332534e+00;1.0113301013e+00;1.0112027447e+00;1.0112077445e+00;1.0110235077e+00;1.0113583707e+00;1.0110137132e+00;1.0112080143e+00;1.0114306824e+00;1.0114633690e+00;1.0111984450e+00;1.0114078924e+00;1.0112767418e+00;1.0114863099e+00;1.0113116439e+00;1.0111799714e+00;1.0113503172e+00
1.9200000000e-04;1.0108526812e+00;1.0109057822e+00;1.0107311590e+00;1.0107238940e+00;1.0110779154e+00;1.0108648279e+00;1.0108059817e+00;1.0105962508e+00;1.0110455797e+00;1.0107127704e+00;1.0107976019e+00;1.0110508926e+00;1.0110319300e+00;1.0108008920e+00;1.0109231822e+00;1.0109653710e+00;1.0111416787e+00;1.0109214628e+00;1.0108485003e+00;1.0110275007e+00
2.0480000000e-04;1.0105003758e+00;1.0106429571e+00;1.0103405993e+00;1.0104155889e+00;1.0107289994e+00;1.0105566736e+00;1.0104618356e+00;1.0102328133e+00;1.0106787321e+00;1.0102728940e+00;1.0104963068e+00;1.0106591029e+00;1.0107063631e+00;1.0104735380e+00;1.0105121525e+00;1.0105198852e+00;1.0107727603e+00;1.0106001870e+00;1.0105272351e+00;1.0106338647e+00
2.3040000000e-04;1.0098538123e+00;1.0099377332e+00;1.0097519085e+00;1.0098533852e+00;1.0100912351e+00;1.0098862557e+00;1.0098583488e+00;1.0096650349e+00;1.0100460312e+00;1.0096905693e+00;1.0099312522e+00;1.0100289139e+00;1.0100906752e+00;1.0098685684e+00;1.0099450457e+00;1.0098747875e+00;1.0101799827e+00;1.0099531067e+00;1.0098785346e+00;1.0100535565e+00
2.5600000000e-04;1.0093915073e+00;1.0093977318e+00;1.0092288034e+00;1.0093447938e+00;1.0095142186e+00;1.0094173082e+00;1.0093498363e+00;1.0091084323e+00;1.0095150607e+00;1.0091698011e+00;1.0093706799e+00;1.0095416183e+00;1.0095495880e+00;1.0092861697e+00;1.0094244985e+00;1.0093473326e+00;1.0095749917e+00;1.0094329129e+00;1.0093796054e+00;1.0095112624e+00
2.8160000000e-04;1.0088103829e+00;1.0088796167e+00;1.0087638984e+00;1.0088703778e+00;1.0090493879e+00;1.0089525749e+00;1.0088534333e+00;1.0086385506e+00;1.0088605922e+00;1.0087411175e+00;1.0089196573e+00;1.0090686265e+00;1.0091284360e+00;1.0087694357e+00;1.0088672764e+00;1.0088459324e+00;1.0090555382e+00;1.0089440579e+00;1.0089229217e+00;1.0090005752e+00
3.0720000000e-04;1.0083321024e+00;1.0084808597e+00;1.0083118077e+00;1.0083921761e+00;1.0086208867e+00;1.0084835360e+00;1.0084625962e+00;1.0081630830e+00;1.0085001089e+00;1.0082956957e+00;1.0084173352e+00;1.0086331027e+00;1.0086218530e+00;1.0083510885e+00;1.0085072789e+00;1.0084583936e+00;1.0086007108e+00;1.0085328015e+00;1.0084434212e+00;1.0086595229e+00
3.3280000000e-04;1.0080215649e+00;1.0081303449e+00;1.0079686075e+00;1.0080452764e+00;1.0081896798e+00;1.0080622785e+00;1.0080128661e+00;1.0078425208e+00;1.0081174805e+00;1.0079335487e+00;1.0080268206e+00;1.0081990054e+00;1.0082934001e+00;1.0079826529e+00;1.0081203742e+00;1.0080362482e+00;1.0082270688e+00;1.0080988370e+00;1.0080822049e+00;1.0082714427e+00
3.5840000000e-04;1.0075757060e+00;1.0078343343e+00;1.0075888954e+00;1.0076782924e+00;1.0078945172e+00;1.0077192500e+00;1.0077611379e+00;1.0074713634e+00;1.0078005962e+00;1.0075359572e+00;1.0077008673e+00;1.0078795650e+00;1.0079543924e+00;1.0076489418e+00;1.0077572184e+00;1.0076857767e+00;1.0078664195e+00;1.0077601028e+00;1.0077484125e+00;1.0078990047e+00
3.8400000000e-04;1.0073265204e+00;1.0073752505e+00;1.0072810917e+00;1.0074263207e+00;1.0075689413e+00;1.0074209904e+00;1.0074581380e+00;1.0071195647e+00;1.0074226719e+00;1.0072203379e+00;1.0074848062e+00;1.0075874510e+00;1.0076454096e+00;1.0073242117e+00;1.0074925497e+00;1.0073648777e+00;1.0074502306e+00;1.0074468205e+00;1.0074439753e+00;1.0075802508e+00
4.0960000000e-04;1.0069783704e+00;1.0071252958e+00;1.0070386333e+00;1.0072148868e+00;1.0072914816e+00;1.0071325972e+00;1.0071840617e+00;1.0068295088e+00;1.0071759363e+00;1.0069049888e+00;1.0071335971e+00;1.0072695998e+00;1.0072536704e+00;1.0070386832e+00;1.0071250973e+00;1.0070971239e+00;1.0072255370e+00;1.0071010094e+00;1.0071859576e+00;1.0073423971e+00
4.6080000000e-04;1.0064950181e+00;1.0066851316e+00;1.0064526445e+00;1.0066428333e+00;1.0067106045e+00;1.0066716701e+00;1.0066399519e+00;1.0063374092e+00;1.0066396361e+00;1.0063603033e+00;1.0065947104e+00;1.0068237405e+00;1.0067147996e+00;1.0065109443e+00;1.0066460763e+00;1.0065685022e+00;1.0067304500e+00;1.0066090357e+00;1.0066321631e+00;1.0067663149e+00
5.1200000000e-04;1.0060882882e+00;1.0062291692e+00;1.0059407458e+00;1.0061661255e+00;1.0063199487e+00;1.0062512455e+00;1.0062198569e+00;1.0059377762e+00;1.0061748714e+00;1.0059161876e+00;1.0061621176e+00;1.0063631678e+00;1.0062829221e+00;1.0060599044e+00;1.0061705555e+00;1.0061535197e+00;1.0062958047e+00;1.0061730467e+00;1.0062046606e+00;1.0063851179e+00
5.6320000000e-04;1.0057279502e+00;1.0058115317e+00;1.0056098632e+00;1.0058042771e+00;1.0059404729e+00;1.0058141469e+00;1.0058073284e+00;1.0055316468e+00;1.0058659956e+00;1.0055851272e+00;1.0058214022e+00;1.0059878911e+00;1.0058599752e+00;1.0055815348e+00;1.0058363491e+00;1.0057534375e+00;1.0058864559e+00;1.0058302037e+00;1.0058079992e+00;1.0060424649e+00
6.1440000000e-04;1.0054443519e+00;1.0054087599e+00;1.0052895646e+00;1.0055377054e+00;1.0055789072e+00;1.0054862039e+00;1.0054193960e+00;1.0052488564e+00;1.0055109789e+00;1.0052506983e+00;1.0054822683e+00;1.0056759187e+00;1.0055573391e+00;1.0052506718e+00;1.0054637515e+00;1.0054233487e+00;1.0055260916e+00;1.0054965156e+00;1.0054658872e+00;1.0056866390e+00
6.6560000000e-04;1.0051496035e+00;1.0051397701e+00;1.0050412222e+00;1.0051321499e+00;1.0053172443e+00;1.0051977981e+00;1.0051243431e+00;1.0049335513e+00;1.0051939443e+00;1.0049412349e+00;1.0051730348e+00;1.0053667721e+00;1.0052451120e+00;1.0049232064e+00;1.0051667776e+00;1.0050701275e+00;1.0052536342e+00;1.0052043328e+00;1.0052115830e+00;1.0054279629e+00
7.1680000000e-04;1.0048515918e+00;1.0048375384e+00;1.0047339719e+00;1.0048355569e+00;1.0050547678e+00;1.0048307124e+00;1.0048161322e+00;1.0046690197e+00;1.0049195363e+00;1.0046338347e+00;1.0048887608e+00;1.0050946122e+00;1.0049780112e+00;1.0047215598e+00;1.0048845166e+00;1.0047654192e+00;1.0049833465e+00;1.0049481227e+00;1.0049146170e+00;1.0051454031e+00
7.6800000000e-04;1.0045704403e+00;1.0046444800e+00;1.0044432303e+00;1.0046596189e+00;1.0047889708e+00;1.0045886473e+00;1.0045624625e+00;1.0044881310e+00;1.0046948126e+00;1.0043892464e+00;1.0045885180e+00;1.0048474828e+00;1.0048198245e+00;1.0045057869e+00;1.0046647587e+00;1.0045890793e+00;1.0047506287e+00;1.0047092867e+00;1.0046809566e+00;1.0048409760e+00
8.1920000000e-04;1.0043973342e+00;1.0044203418e+00;1.0043024923e+00;1.0044165695e+00;1.0045713439e+00;1.0043482450e+00;1.0043406998e+00;1.0042447440e+00;1.0044992754e+00;1.0041904996e+00;1.0044441510e+00;1.0046425599e+00;1.0045927276e+00;1.0043324652e+00;1.0044575523e+00;1.0043865610e+00;1.0045806040e+00;1.0045237483e+00;1.0045273038e+00;1.0046960714e+00
9.2160000000e-04;1.0040090978e+00;1.0040374590e+00;1.0039022314e+00;1.0040497125e+00;1.0041528326e+00;1.0040475234e+00;1.0039240438e+00;1.0038433994e+00;1.0040708365e+00;1.0038201409e+00;1.0040211156e+00;1.0042023042e+00;1.0042417434e+00;1.0039961536e+00;1.0040519106e+00;1.0039942980e+00;1.0041486323e+00;1.0041208686e+00;1.0040764801e+00;1.0042419163e+00
1.0240000000e-03;1.0036463291e+00;1.0037257600e+00;1.0035535247e+00;1.0037364032e+00;1.0038087526e+00;1.0037653138e+00;1.0036438891e+00;1.0035223726e+00;1.0037364150e+00;1.0035213057e+00;1.0036938472e+00;1.0038530445e+00;1.0039357925e+00;1.0037316564e+00;1.0037059489e+00;1.0036601914e+00;1.0038175265e+00;1.0038222635e+00;1.0038004558e+00;1.0038722947e+00
1.1264000000e-03;1.0033646876e+00;1.0034160698e+00;1.0033272966e+00;1.0034606217e+00;1.0035572079e+00;1.0034737837e+00;1.0033678346e+00;1.0032293355e+00;1.0034317343e+00;1.0032544036e+00;1.0034019688e+00;1.0035645642e+00;1.0036685563e+00;1.0035154793e+00;1.0034238818e+00;1.0033665541e+00;1.0035262435e+00;1.0034869333e+00;1.0034997462e+00;1.0035914591e+00
1.2288000000e-03;1.0031619357e+00;1.0031773989e+00;1.0031139035e+00;1.0032040701e+00;1.0033081233e+00;1.0032399072e+00;1.0032203637e+00;1.0029684646e+00;1.0032482447e+00;1.0030666590e+00;1.0031618073e+00;1.0032821826e+00;1.0034035957e+00;1.0032602562e+00;1.0031786868e+00;1.0031025977e+00;1.0032477639e+00;1.0032620479e+00;1.0032837397e+00;1.0033544853e+00
1.3312000000e-03;1.0030031112e+00;1.0030429901e+00;1.0029481535e+00;1.0030186438e+00;1.0030562279e+00;1.0030744814e+00;1.0031039902e+00;1.0028341630e+00;1.0030532267e+00;1.0028807563e+00;1.0029719306e+00;1.0031003389e+00;1.0031911003e+00;1.0031025577e+00;1.0029613278e+00;1.0028380511e+00;1.0030664302e+00;1.0030120619e+00;1.0030483761e+00;1.0031827151e+00
1.4336000000e-03;1.0027760439e+00;1.0028442897e+00;1.0027899280e+00;1.0028515478e+00;1.0028462596e+00;1.0028686098e+00;1.0029014143e+00;1.0026902627e+00;1.0028481197e+00;1.0027114573e+00;1.0027592105e+00;1.0028876731e+00;1.0029936761e+00;1.0029383759e+00;1.0027802875e+00;1.0027092649e+00;1.0029030578e+00;1.0028162130e+00;1.0029037307e+00;1.0029459756e+00
1.5360000000e-03;1.0026304253e+00;1.0026742087e+00;1.0027012963e+00;1.0027198653e+00;1.0026270853e+00;1.0026914128e+00;1.0027106061e+00;1.0025313255e+00;1.0027049868e+00;1.0025633759e+00;1.0025533645e+00;1.0026660583e+00;1.0028703971e+00;1.0027801840e+00;1.0026415171e+00;1.0025257363e+00;1.0027797117e+00;1.0026866850e+00;1.0027274526e+00;1.0028013901e+00
1.6384000000e-03;1.0024942281e+00;1.0026252518e+00;1.0026238021e+00;1.0025609555e+00;1.0024724349e+00;1.0025304068e+00;1.0025528117e+00;1.0024209768e+00;1.0025002727e+00;1.0024438668e+00;1.0024535170e+00;1.0025679819e+00;1.0026546143e+00;1.0026662158e+00;1.0024581153e+00;1.0023799174e+00;1.0026405032e+00;1.0025114534e+00;1.0025686413e+00;1.0026370246e+00
1.8432000000e-03;1.0022422237e+00;1.0023488773e+00;1.0023857601e+00;1.0023205719e+00;1.0022166902e+00;1.0022673193e+00;1.0022994142e+00;1.0021766953e+00;1.0022491960e+00;1.0020762965e+00;1.0021601223e+00;1.0022917477e+00;1.0024238955e+00;1.0024900620e+00;1.0022097099e+00;1.0022007338e+00;1.0022887160e+00;1.0022350417e+00;1.0023096792e+00;1.0023596208e+00
2.0480000000e-03;1.0020890831e+00;1.0021270084e+00;1.0020867152e+00;1.0021538507e+00;1.0020927280e+00;1.0021072249e+00;1.0020662259e+00;1.0019938504e+00;1.0020138037e+00;1.0019284716e+00;1.0019273504e+00;1.0020605176e+00;1.0021966443e+00;1.0022499907e+00;1.0020245742e+00;1.0020080606e+00;1.0021154850e+00;1.0020411356e+00;1.0021154380e+00;1.0021273060e+00
2.2528000000e-03;1.0019275594e+00;1.0019438502e+00;1.0018579375e+00;1.0019398864e+00;1.0020131869e+00;1.0019941305e+00;1.0018980823e+00;1.0018079266e+00;1.0019411870e+00;1.0017300543e+00;1.0018303516e+00;1.0018051903e+00;1.0019991275e+00;1.0020017942e+00;1.0017869852e+00;1.0017945072e+00;1.0019090611e+00;1.0019074220e+00;1.0019554176e+00;1.0019105526e+00
2.4576000000e-03;1.0017942046e+00;1.0017933170e+00;1.0016756379e+00;1.0018488260e+00;1.0017774980e+00;1.0018812573e+00;1.0017917523e+00;1.0016345118e+00;1.0017998724e+00;1.0015996561e+00;1.0017369056e+00;1.0017063675e+00;1.0018297512e+00;1.0018592549e+00;1.0016081304e+00;1.0016712534e+00;1.0017036029e+00;1.0017451178e+00;1.0018032085e+00;1.0016908190e+00
2.6624000000e-03;1.0016636185e+00;1.0015840033e+00;1.0015524541e+00;1.0016663739e+00;1.0016039404e+00;1.0016992761e+00;1.0015817261e+00;1.0014707937e+00;1.0016606678e+00;1.0014926039e+00;1.0015822192e+00;1.0015799311e+00;1.0017065545e+00;1.0016697239e+00;1.0014791671e+00;1.0015806500e+00;1.0015588821e+00;1.0016586624e+00;1.0016694574e+00;1.0015789168e+00
2.8672000000e-03;1.0015741020e+00;1.0014501965e+00;1.0014439292e+00;1.0015656574e+00;1.0015337919e+00;1.0016079618e+00;1.0014578046e+00;1.0013036451e+00;1.0015218912e+00;1.0013845208e+00;1.0014518139e+00;1.0015055138e+00;1.0015778344e+00;1.0015211445e+00;1.0013292956e+00;1.0014441562e+00;1.0014750661e+00;1.0015795421e+00;1.0014916396e+00;1.0014804987e+00
3.0720000000e-03;1.0015396112e+00;1.0013445290e+00;1.0013561822e+00;1.0014947799e+00;1.0013993586e+00;1.0014257372e+00;1.0013562781e+00;1.0012769357e+00;1.0014002774e+00;1.0012579020e+00;1.0014296334e+00;1.0013875289e+00;1.0015280506e+00;1.0015081447e+00;1.0012418443e+00;1.0013133710e+00;1.0014011324e+00;1.0014727983e+00;1.0013679204e+00;1.0014127144e+00
3.2768000000e-03;1.0014362847e+00;1.0012482949e+00;1.0012887225e+00;1.0013112097e+00;1.0012882975e+00;1.0013518228e+00;1.0012416041e+00;1.0012399677e+00;1.0012986659e+00;1.0011176199e+00;1.0013912038e+00;1.0012272464e+00;1.0014360862e+00;1.0013858318e+00;1.0011808107e+00;1.0012542989e+00;1.0013334192e+00;1.0013780771e+00;1.0012637802e+00;1.0013688063e+00
3.6864000000e-03;1.0011692234e+00;1.0011505466e+00;1.0011122452e+00;1.0011312095e+00;1.0011741468e+00;1.0012672381e+00;1.0011392248e+00;1.0011610966e+00;1.0011854787e+00;1.0009972807e+00;1.0012222086e+00;1.0011607611e+00;1.0012279513e+00;1.0011945617e+00;1.0010121977e+00;1.0010651774e+00;1.0011371303e+00;1.0012889618e+00;1.0010677020e+00;1.0012286426e+00
4.0960000000e-03;1.0010939405e+00;1.0010413970e+00;1.0010303135e+00;1.0010526657e+00;1.0010369551e+00;1.0011545875e+00;1.0010538968e+00;1.0010110441e+00;1.0010613795e+00;1.0008553206e+00;1.0011490860e+00;1.0009902581e+00;1.0011768194e+00;1.0011147046e+00;1.0008752895e+00;1.0009501914e+00;1.0010106588e+00;1.0011154944e+00;1.0009675326e+00;1.0010638736e+00
4.5056000000e-03;1.0009122340e+00;1.0009273068e+00;1.0009115302e+00;1.0009564672e+00;1.0010115366e+00;1.0010285135e+00;1.0008973611e+00;1.0009285839e+00;1.0009410595e+00;1.0007973364e+00;1.0009994509e+00;1.0009015213e+00;1.0011585314e+00;1.0010644756e+00;1.0008207865e+00;1.0008751759e+00;1.0009332114e+00;1.0010151432e+00;1.0009203464e+00;1.0010559863e+00
4.9152000000e-03;1.0008775366e+00;1.0009372297e+00;1.0009406070e+00;1.0008512795e+00;1.0008920070e+00;1.0010161572e+00;1.0008276659e+00;1.0008354285e+00;1.0008638234e+00;1.0007970625e+00;1.0009694115e+00;1.0008341766e+00;1.0011102364e+00;1.0009120806e+00;1.0008368612e+00;1.0007473764e+00;1.0008230520e+00;1.0010618517e+00;1.0007794391e+00;1.0009684612e+00
5.3248000000e-03;1.0007870138e+00;1.0008149885e+00;1.0009264991e+00;1.0007724055e+00;1.0008317366e+00;1.0008896124e+00;1.0007376679e+00;1.0007809209e+00;1.0007915632e+00;1.0007607266e+00;1.0009332582e+00;1.0008260387e+00;1.0010090615e+00;1.0008905729e+00;1.0007930321e+00;1.0006855781e+00;1.0008783343e+00;1.0009066797e+00;1.0007109957e+00;1.0008935372e+00
5.7344000000e-03;1.0007257513e+00;1.0006672967e+00;1.0008947823e+00;1.0007521749e+00;1.0007745053e+00;1.0007250842e+00;1.0007402201e+00;1.0007484898e+00;1.0007278502e+00;1.0006131245e+00;1.0008381566e+00;1.0007138391e+00;1.0009777437e+00;1.0008013832e+00;1.0007011573e+00;1.0006720014e+00;1.0007886783e+00;1.0008797582e+00;1.0006746636e+00;1.0008677842e+00
6.1440000000e-03;1.0007085823e+00;1.0006261711e+00;1.0008025441e+00;1.0007730184e+00;1.0007283326e+00;1.0007186213e+00;1.0007470755e+00;1.0007158132e+00;1.0006689851e+00;1.0005058498e+00;1.0007580601e+00;1.0006435280e+00;1.0009438656e+00;1.0006788136e+00;1.0005755602e+00;1.0006285232e+00;1.0007250216e+00;1.0007669709e+00;1.0006323827e+00;1.0008566577e+00
6.5536000000e-03;1.0007330540e+00;1.0005966193e+00;1.0007443190e+00;1.0007244444e+00;1.0005953414e+00;1.0007199065e+00;1.0007492840e+00;1.0006252612e+00;1.0007737302e+00;1.0004425210e+00;1.0007147044e+00;1.0006006694e+00;1.0008582018e+00;1.0007093295e+00;1.0005637217e+00;1.0006095750e+00;1.0007112646e+00;1.0006939150e+00;1.0005633269e+00;1.0007303375e+00
7.3728000000e-03;1.0005786589e+00;1.0004336557e+00;1.0006053807e+00;1.0006225462e+00;1.0005740503e+00;1.0006315381e+00;1.0006326027e+00;1.0005524719e+00;1.0005924054e+00;1.0004829180e+00;1.0006712516e+00;1.0005929425e+00;1.0006149784e+00;1.0007180426e+00;1.0005528918e+00;1.0004614898e+00;1.0006165941e+00;1.0005545276e+00;1.0004328940e+00;1.0006062758e+00
8.1920000000e-03;1.0005109533e+00;1.0004722263e+00;1.0005200347e+00;1.0005530033e+00;1.0004714008e+00;1.0005621760e+00;1.0006019315e+00;1.0004237878e+00;1.0005244278e+00;1.0005186276e+00;1.0006238905e+00;1.0005620554e+00;1.0005180462e+00;1.0007562254e+00;1.0005390043e+00;1.0005182152e+00;1.0006580911e+00;1.0005332546e+00;1.0004568291e+00;1.0006908355e+00
9.0112000000e-03;1.0004576722e+00;1.0004134387e+00;1.0004231550e+00;1.0004824669e+00;1.0004912201e+00;1.0004790730e+00;1.0005078988e+00;1.0004198510e+00;1.0003873638e+00;1.0005085028e+00;1.0004727102e+00;1.0004565071e+00;1.0004947859e+00;1.0007226224e+00;1.0005339509e+00;1.0004847187e+00;1.0005061142e+00;1.0005003054e+00;1.0003739359e+00;1.0006350664e+00
9.8304000000e-03;1.0004190534e+00;1.0004594770e+00;1.0004407164e+00;1.0004035029e+00;1.0004663427e+00;1.0003559516e+00;1.0004882098e+00;1.0004671582e+00;1.0003720143e+00;1.0005401632e+00;1.0003375933e+00;1.0004272160e+00;1.0004168363e+00;1.0006390362e+00;1.0003666121e+00;1.0004832943e+00;1.0004357119e+00;1.0004262657e+00;1.0003619917e+00;1.0006758440e+00
1.0649600000e-02;1.0003495799e+00;1.0004705261e+00;1.0004437708e+00;1.0002904224e+00;1.0004133178e+00;1.0002800778e+00;1.0004465981e+00;1.0004283266e+00;1.0004023245e+00;1.0004877624e+00;1.0003731914e+00;1.0003719923e+00;1.0004466776e+00;1.0005648097e+00;1.0003922006e+00;1.0003777615e+00;1.0004837282e+00;1.0003338916e+00;1.0003157390e+00;1.0006482360e+00
1.1468800000e-02;1.0002165895e+00;1.0004013887e+00;1.0003673811e+00;1.0003083199e+00;1.0002510204e+00;1.0003515854e+00;1.0003956974e+00;1.0004028579e+00;1.0003198743e+00;1.0003308811e+00;1.0004286890e+00;1.0003462834e+00;1.0004186539e+00;1.0005515219e+00;1.0004167186e+00;1.0002912732e+00;1.0004300835e+00;1.0003466844e+00;1.0003336959e+00;1.0005576830e+00
1.2288000000e-02;1.0002020680e+00;1.0003725781e+00;1.0003469808e+00;1.0003187472e+00;1.0002990951e+00;1.0002798286e+00;1.0003597779e+00;1.0003569893e+00;1.0001616057e+00;1.0003107201e+00;1.0004426516e+00;1.0003369485e+00;1.0003166130e+00;1.0004863751e+00;1.0003617801e+00;1.0002359236e+00;1.0004122238e+00;1.0003697628e+00;1.0002813147e+00;1.0004451564e+00
1.3107200000e-02;1.0002229345e+00;1.0003164115e+00;1.0003002921e+00;1.0002984489e+00;1.0002999783e+00;1.0003450256e+00;1.0003404772e+00;1.0003577610e+00;1.0002768825e+00;1.0003035788e+00;1.0004558439e+00;1.0004001960e+00;1.0003005026e+00;1.0004271809e+00;1.0003100900e+00;1.0001677753e+00;1.0003663246e+00;1.0003240133e+00;1.0003273484e+00;1.0004013931e+00
1.4745600000e-02;1.0002677798e+00;1.0002888337e+00;1.0002268035e+00;1.0003379956e+00;1.0002712983e+00;1.0003545058e+00;1.0002917669e+00;1.0002988922e+00;1.0002495828e+00;1.0002772361e+00;1.0003376407e+00;1.0003107153e+00;1.0004200926e+00;1.0003165209e+00;1.0002046100e+00;1.0002523926e+00;1.0003056061e+00;1.0002733093e+00;1.0002717869e+00;1.0003594285e+00
1.6384000000e-02;1.0002939863e+00;1.0003491018e+00;1.0002314321e+00;1.0002688072e+00;1.0002403831e+00;1.0004072066e+00;1.0002349092e+00;1.0003237833e+00;1.0001891328e+00;1.0001847234e+00;1.0002929300e+00;1.0002524613e+00;1.0003510417e+00;1.0001699339e+00;1.0001444173e+00;1.0001464510e+00;1.0002599654e+00;1.0001452328e+00;1.0001905463e+00;1.0003280189e+00
1.8022400000e-02;1.0002885668e+00;1.0003469606e+00;1.0001476403e+00;1.0001984324e+00;1.0002295713e+00;1.0002705465e+00;1.0002851531e+00;1.0003214725e+00;1.0001792649e+00;1.0002059897e+00;1.0002970913e+00;1.0003739366e+00;1.0002551808e+00;1.0001985139e+00;1.0000961974e+00;1.0001941208e+00;1.0001892662e+00;1.0002849565e+00;1.0000203293e+00;1.0002717150e+00
1.9660800000e-02;1.0003397764e+00;1.0003254553e+00;1.0001546356e+00;1.0002279306e+00;1.0002134468e+00;1.0002869774e+00;1.0002909748e+00;1.0002702476e+00;1.0002449215e+00;1.0002816641e+00;1.0001816155e+00;1.0001993708e+00;1.0002431919e+00;1.0001367712e+00;1.0001039617e+00;1.0000940439e+00;1.0002362286e+00;1.0002996717e+00;1.0000648663e+00;1.0002479740e+00
2.1299200000e-02;1.0003272087e+00;1.0002226932e+00;1.0001704851e+00;1.0002121599e+00;1.0001569918e+00;1.0002377523e+00;1.0001601140e+00;1.0000847279e+00;1.0000963690e+00;1.0002342881e+00;1.0002042329e+00;1.0001890601e+00;1.0002581244e+00;1.0000742123e+00;1.0000523692e+00;1.0001405164e+00;1.0001631225e+00;1.0002648883e+00;1.0000474355e+00;1.0002326110e+00
2.2937600000e-02;1.0002680299e+00;1.0001930507e+00;1.0001585396e+00;1.0002101494e+00;1.0001647748e+00;1.0002157045e+00;1.0001384005e+00;1.0001117432e+00;1.0000977705e+00;1.0002114953e+00;1.0002755805e+00;1.0001188905e+00;1.0004339596e+00;1.0000640848e+00;1.0000739273e+00;1.0001468614e+00;1.0000888273e+00;1.0002895755e+00;1.0000801583e+00;1.0002441065e+00
2.4576000000e-02;1.0001570608e+00;1.0001257110e+00;1.0000544625e+00;1.0001075303e+00;1.0001897696e+00;1.0000780926e+00;1.0002110760e+00;1.0001411136e+00;1.0000521755e+00;1.0001748676e+00;1.0003428209e+00;1.0002048243e+00;1.0003539508e+00;1.0000354492e+00;9.9997432001e-01;1.0001410764e+00;1.0000717041e+00;1.0002234115e+00;1.0000330554e+00;1.0001612127e+00
2.6214400000e-02;1.0002421940e+00;1.0000958348e+00;1.0000623974e+00;1.0001014364e+00;1.0002643413e+00;1.0000551414e+00;1.0001619270e+00;1.0001052012e+00;1.0001289885e+00;1.0001285297e+00;1.0001527906e+00;1.0001766559e+00;1.0002242563e+00;1.0001174358e+00;9.9996994891e-01;1.0000799355e+00;1.0000221479e+00;1.0001445098e+00;1.0000370379e+00;1.0001247428e+00
2.9491200000e-02;1.0001327238e+00;1.0000908144e+00;1.0000788024e+00;1.0000838829e+00;1.0001402797e+00;1.0001257939e+00;1.0001692409e+00;1.0001505449e+00;1.0000899169e+00;1.0001457449e+00;1.0002651896e+00;1.0001177888e+00;1.0001767344e+00;1.0001420599e+00;1.0000422998e+00;1.0000590481e+00;1.0000603529e+00;1.0001264718e+00;1.0001287698e+00;1.0001099000e+00
3.2768000000e-02;1.0000633269e+00;1.0001330467e+00;9.9998606114e-01;1.0000729460e+00;1.0001732396e+00;1.0000967324e+00;1.0000815338e+00;1.0001285187e+00;1.0000969973e+00;1.0000467841e+00;1.0001510772e+00;1.0001027453e+00;1.0000786922e+00;1.0000999831e+00;1.0000812379e+00;1.0000525416e+00;1.0000502863e+00;1.0001411569e+00;1.0001842976e+00;1.0001151260e+00
3.6044800000e-02;1.0000467544e+00;1.0000947586e+00;9.9996930349e-01;1.0001974374e+00;1.0001348987e+00;1.0000600130e+00;1.0001019899e+00;1.0000282379e+00;1.0000012837e+00;1.0001044031e+00;1.0001562888e+00;1.0000653727e+00;1.0001303145e+00;1.0001551940e+00;1.0001143422e+00;1.0000063843e+00;1.0000537202e+00;1.0001429348e+00;1.0000863030e+00;1.0001465040e+00
3.9321600000e-02;1.0000945330e+00;1.0001785422e+00;9.9997952312e-01;1.0001787973e+00;1.0001212907e+00;9.9995056872e-01;1.0001656435e+00;1.0000674185e+00;1.0000125721e+00;1.0001488129e+00;1.0001674550e+00;1.0000689675e+00;1.0001794363e+00;1.0002263644e+00;1.0001041004e+00;1.0000449462e+00;1.0000445881e+00;1.0000872125e+00;1.0001351922e+00;1.0001662619e+00
4.2598400000e-02;1.0000568323e+00;1.0000825418e+00;9.9998846295e-01;1.0000142432e+00;1.0000638171e+00;9.9999449609e-01;1.0001560609e+00;1.0000590737e+00;9.9998594531e-01;1.0000881229e+00;1.0001250291e+00;1.0000844866e+00;1.0000510270e+00;1.0002223682e+00;1.0001432228e+00;1.0000985322e+00;9.9996148562e-01;1.0001048906e+00;1.0001282640e+00;1.0003000669e+00
4.5875200000e-02;1.0000188632e+00;1.0001434065e+00;1.0000430715e+00;1.0001339866e+00;1.0001068632e+00;1.0000757078e+00;1.0000443858e+00;1.0000329217e+00;1.0000632631e+00;1.0000293527e+00;1.0001592639e+00;1.0000782493e+00;1.0000912155e+00;1.0001067008e+00;1.0000569298e+00;1.0001067427e+00;9.9995946873e-01;1.0000361074e+00;1.0000207659e+00;1.0001437553e+00
4.9152000000e-02;9.9997023755e-01;1.0000022371e+00;9.9992931595e-01;1.0001298862e+00;1.0000663960e+00;1.0001215761e+00;1.0000828681e+00;1.0000305157e+00;9.9995004857e-01;1.0000065508e+00;1.0001421070e+00;1.0000466824e+00;1.0000361257e+00;1.0001027989e+00;1.0001342939e+00;1.0000463427e+00;9.9995593744e-01;1.0000583298e+00;9.9999945724e-01;1.0000853576e+00
5.2428800000e-02;1.0000149149e+00;1.0000522075e+00;9.9993856436e-01;1.0001590293e+00;1.0000582427e+00;1.0000487966e+00;1.0000401978e+00;9.9994071685e-01;9.9992819466e-01;1.0000443555e+00;1.0001769911e+00;1.0000365964e+00;1.0001048838e+00;1.0001461889e+00;1.0000889961e+00;9.9999861489e-01;9.9990405119e-01;1.0000832799e+00;1.0001222003e+00;1.0001365953e+00
5.8982400000e-02;9.9998383978e-01;1.0000994939e+00;9.9994315071e-01;1.0000116797e+00;1.0000484074e+00;1.0000614394e+00;1.0000477786e+00;9.9999955914e-01;1.0000054496e+00;1.0000826095e+00;1.0000890498e+00;9.9998614759e-01;1.0001429019e+00;1.0001614020e+00;1.0000062845e+00;1.0000252484e+00;1.0000790065e+00;1.0000936042e+00;1.0001037889e+00;1.0001571134e+00
6.5536000000e-02;1.0000206858e+00;1.0001119945e+00;9.9998151426e-01;9.9997436298e-01;1.0000219177e+00;9.9993684076e-01;1.0000735471e+00;1.0000298004e+00;1.0000495358e+00;1.0000073612e+00;1.0000602005e+00;1.0000754137e+00;1.0000503449e+00;1.0001766041e+00;1.0000160738e+00;9.9997310653e-01;1.0001217961e+00;9.9998138702e-01;9.9998333097e-01;1.0001408935e+00
7.2089600000e-02;9.9992391250e-01;1.0001660215e+00;1.0000063513e+00;1.0000099886e+00;1.0000639207e+00;9.9995396265e-01;1.0000417141e+00;1.0000935733e+00;1.0000474947e+00;1.0000335969e+00;1.0000470217e+00;1.0000620721e+00;9.9996983795e-01;1.0001590781e+00;9.9999040755e-01;1.0000814315e+00;1.0000221045e+00;1.0000915575e+00;9.9996942246e-01;1.0000813194e+00
7.8643200000e-02;9.9996072583e-01;1.0000878324e+00;1.0000380254e+00;9.9998839332e-01;1.0001045059e+00;1.0000355778e+00;1.0000445577e+00;1.0000041639e+00;1.0000160829e+00;1.0000077590e+00;9.9997949315e-01;1.0000266837e+00;1.0000447647e+00;1.0001310586e+00;1.0000214880e+00;1.0000845078e+00;1.0000225214e+00;9.9995809444e-01;9.9997272908e-01;1.0000971124e+00
8.5196800000e-02;1.0001181332e+00;9.9998106269e-01;9.9994285545e-01;9.9998590038e-01;1.0000099993e+00;9.9999948078e-01;9.9998196393e-01;1.0000372217e+00;1.0000571521e+00;1.0000009734e+00;1.0000747119e+00;1.0000226720e+00;1.0000227710e+00;1.0001538423e+00;9.9998985972e-01;1.0001744025e+00;1.0000288603e+00;9.9992156231e-01;1.0000112997e+00;1.0001618595e+00
9.1750400000e-02;1.0000866664e+00;1.0001336172e+00;1.0000259624e+00;1.0000328647e+00;1.0000873854e+00;1.0000300372e+00;1.0000280161e+00;9.9998255665e-01;1.0000570938e+00;1.0000435204e+00;1.0000340362e+00;9.9994265450e-01;1.0000709258e+00;1.0000595283e+00;9.9996090247e-01;1.0000707315e+00;1.0000475415e+00;9.9995749336e-01;9.9994156531e-01;1.0001327147e+00
9.8304000000e-02;1.0000729244e+00;1.0001669494e+00;9.9994274658e-01;1.0000309620e+00;1.0001183998e+00;1.0000075791e+00;9.9997589704e-01;9.9998258510e-01;9.9999435999e-01;1.0000630793e+00;1.0000493849e+00;1.0000203986e+00;1.0000404793e+00;9.9999499226e-01;1.0000333757e+00;1.0000388888e+00;1.0000091095e+00;1.0000541241e+00;1.0000250091e+00;1.0000656292e+00
1.0485760000e-01;1.0001007489e+00;1.0000250977e+00;1.0000598148e+00;1.0001191482e+00;1.0000828400e+00;1.0000399736e+00;9.9994654485e-01;1.0000098903e+00;9.9995577975e-01;9.9993117398e-01;9.9996817996e-01;1.0000139787e+00;1.0000746345e+00;9.9994530157e-01;9.9985898742e-01;1.0001043413e+00;1.0000329332e+00;9.9995282409e-01;1.0001033591e+00;1.0000763181e+00
1.1796480000e-01;1.0001288091e+00;9.9999683093e-01;1.0000581431e+00;1.0000275448e+00;1.0000414383e+00;1.0000420157e+00;9.9999742406e-01;1.0000778059e+00;1.0000252182e+00;9.9999703442e-01;1.0000112337e+00;1.0000035308e+00;1.0000747936e+00;9.9998703119e-01;9.9996055155e-01;1.0001072335e+00;1.0000577858e+00;1.0000540462e+00;1.0000586720e+00;1.0000505545e+00
1.3107200000e-01;1.0000983261e+00;9.9996829305e-01;1.0000577360e+00;9.9989943120e-01;1.0000156435e+00;9.9996219111e-01;9.9999123416e-01;1.0000235813e+00;9.9999171033e-01;1.0000601288e+00;1.0000724621e+00;9.9998520502e-01;1.0000035426e+00;9.9992204441e-01;9.9998462723e-01;1.0000809692e+00;1.0000704808e+00;9.9989190629e-01;9.9998040075e-01;1.0000773315e+00
1.4417920000e-01;1.0000825830e+00;9.9999252233e-01;1.0000211159e+00;9.9998821239e-01;1.0000673800e+00;9.9998277209e-01;1.0001000895e+00;1.0000930322e+00;9.9997702539e-01;9.9998181156e-01;1.0000767193e+00;1.0000308826e+00;1.0000007344e+00;9.9994565695e-01;1.0000084670e+00;1.0000683411e+00;9.9999276463e-01;9.9993457544e-01;1.0000177709e+00;1.0000659655e+00
1.5728640000e-01;1.0000987241e+00;9.9996794792e-01;9.9993584927e-01;9.9997954451e-01;9.9997445533e-01;1.0000431114e+00;9.9997378771e-01;1.0000615491e+00;9.9999011463e-01;9.9996249112e-01;1.0000132831e+00;9.9997920851e-01;1.0000512215e+00;9.9999315079e-01;1.0000582825e+00;1.0000110117e+00;1.0000092785e+00;1.0000249069e+00;1.0000412992e+00;1.0000892502e+00
1.7039360000e-01;1.0000425371e+00;1.0000231389e+00;9.9998733875e-01;1.0000497202e+00;1.0000357228e+00;1.0000748365e+00;9.9991751905e-01;9.9996028051e-01;1.0000458323e+00;9.9999895354e-01;1.0000217901e+00;1.0000104037e+00;9.9996721632e-01;9.9997882583e-01;1.0001143803e+00;1.0000377156e+00;1.0000294373e+00;1.0000857644e+00;1.0000141293e+00;1.0001451172e+00
1.8350080000e-01;1.0000143868e+00;1.0000356328e+00;9.9990832229e-01;1.0000181973e+00;1.0000051152e+00;1.0000346146e+00;1.0000286757e+00;9.9997228098e-01;9.9999199097e-01;1.0000337430e+00;1.0000195088e+00;1.0000052266e+00;9.9992853551e-01;9.9997109095e-01;1.0000712399e+00;1.0000500628e+00;9.9999092246e-01;1.0001317715e+00;9.9993081141e-01;1.0001182560e+00
1.9660800000e-01;1.0000892644e+00;1.0001265546e+00;1.0000040634e+00;9.9999037494e-01;9.9994675337e-01;1.0000681587e+00;1.0000511721e+00;9.9987564353e-01;9.9994946511e-01;9.9992289912e-01;1.0000072788e+00;9.9994763168e-01;9.9996465758e-01;9.9999155014e-01;9.9999811485e-01;1.0000151222e+00;1.0000223323e+00;1.0000031832e+00;9.9995266972e-01;1.0000910305e+00
2.0971520000e-01;9.9999556559e-01;1.0000912024e+00;1.0000482083e+00;1.0000213390e+00;1.0000423851e+00;9.9994723677e-01;9.9996235859e-01;1.0000079272e+00;1.0000371117e+00;9.9996373823e-01;1.0000439260e+00;9.9996682749e-01;1.0000898489e+00;9.9996601626e-01;9.9997926824e-01;1.0000107124e+00;1.0000776331e+00;1.0000008841e+00;9.9999888888e-01;9.9999219672e-01
2.3592960000e-01;1.0000626581e+00;1.0000400160e+00;1.0000583699e+00;9.9997462896e-01;1.0000088122e+00;9.9996066142e-01;1.0000159647e+00;1.0000160447e+00;1.0000993309e+00;9.9997037391e-01;9.9993672439e-01;1.0000446484e+00;1.0000445930e+00;9.9999147925e-01;9.9994093267e-01;1.0000444086e+00;9.9998251361e-01;9.9998418585e-01;9.9995190116e-01;1.0001124244e+00
2.6214400000e-01;1.0000773448e+00;1.0000073388e+00;1.0000050326e+00;9.9998805629e-01;1.0000167708e+00;9.9996521071e-01;9.9997498493e-01;1.0000151907e+00;9.9998964897e-01;9.9997908078e-01;9.9998630859e-01;9.9997357082e-01;1.0000217889e+00;9.9997952937e-01;9.9991188936e-01;1.0000322654e+00;1.0000123534e+00;9.9997715069e-01;9.9994963598e-01;1.0001258710e+00
2.8835840000e-01;1.0000496512e+00;1.0000326592e+00;1.0000384764e+00;1.0000776813e+00;1.0000723503e+00;1.0000452270e+00;1.0000331047e+00;1.0000255830e+00;9.9995908121e-01;9.9995673864e-01;1.0000567516e+00;1.0000155405e+00;1.0000197178e+00;9.9996370185e-01;1.0000254812e+00;1.0000411339e+00;9.9997740274e-01;1.0000321044e+00;9.9999154576e-01;1.0000546214e+00
3.1457280000e-01;1.0000312580e+00;1.0000474448e+00;1.0000077311e+00;1.0000458893e+00;9.9998650010e-01;1.0000425326e+00;9.9996729621e-01;1.0000470197e+00;9.9997360751e-01;1.0000343294e+00;9.9998213860e-01;9.9998738325e-01;9.9996774112e-01;9.9995173155e-01;9.9997278845e-01;1.0000151719e+00;9.9997809311e-01;9.9998741327e-01;1.0000081912e+00;1.0001158190e+00
3.4078720000e-01;1.0000699212e+00;9.9998313345e-01;1.0000469189e+00;9.9998225994e-01;9.9994537964e-01;9.9992095672e-01;9.9997351894e-01;1.0000374694e+00;9.9995261626e-01;1.0000196262e+00;1.0000097050e+00;9.9995902605e-01;9.9999336032e-01;9.9994677846e-01;1.0000211557e+00;9.9995335693e-01;9.9997392359e-01;9.9998905444e-01;9.9995052259e-01;1.0000257632e+00
3.6700160000e-01;1.0000882925e+00;9.9996598106e-01;9.9998484850e-01;1.0000114312e+00;9.9994655584e-01;9.9996364694e-01;1.0000205268e+00;1.0000195405e+00;1.0000351325e+00;9.9999106072e-01;9.9996639085e-01;1.0000366821e+00;9.9999736084e-01;9.9996782360e-01;1.0000094362e+00;9.9999973115e-01;1.0000591531e+00;1.0000053577e+00;1.0000450763e+00;1.0000654780e+00
3.9321600000e-01;1.0000540296e+00;9.9998575634e-01;1.0000281306e+00;1.0000065253e+00;9.9997624157e-01;1.0000441309e+00;1.0000140278e+00;1.0000635000e+00;1.0000208710e+00;1.0000011979e+00;9.9995128844e-01;9.9996354519e-01;9.9999575552e-01;9.9996773249e-01;9.9998965813e-01;1.0000542495e+00;1.0000686190e+00;1.0000026429e+00;1.0000283603e+00;1.0000622835e+00
4.1943040000e-01;1.0000250877e+00;9.9996407826e-01;1.0000533577e+00;9.9995519688e-01;9.9997401167e-01;1.0000208145e+00;9.9998584646e-01;9.9998309453e-01;1.0000466070e+00;9.9994701735e-01;9.9995330648e-01;9.9998894568e-01;9.9997934279e-01;1.0000065973e+00;9.9998584873e-01;1.0000769892e+00;1.0000129558e+00;1.0000055977e+00;1.0000251224e+00;1.0000587610e+00
4.7185920000e-01;1.0000850175e+00;9.9993857881e-01;1.0000191544e+00;1.0000082493e+00;9.9997844787e-01;9.9996992069e-01;1.0000186671e+00;9.9996551671e-01;9.9997169127e-01;1.0000187386e+00;1.0000183375e+00;1.0000623231e+00;9.9998871508e-01;9.9998086587e-01;1.0000070766e+00;9.9998500695e-01;9.9997818986e-01;1.0000062936e+00;9.9999100070e-01;9.9997158225e-01
5.2428800000e-01;1.0000506178e+00;9.9997193088e-01;1.0000249338e+00;9.9999529627e-01;9.9999449627e-01;9.9996043943e-01;9.9995355028e-01;9.9997869695e-01;9.9993009688e-01;9.9999963675e-01;9.9999147406e-01;1.0000838856e+00;9.9995609766e-01;1.0000306811e+00;1.0000227169e+00;1.0000188665e+00;1.0000390770e+00;1.0000058306e+00;1.0000170723e+00;1.0000035355e+00
5.7671680000e-01;1.0000132058e+00;9.9993963330e-01;9.9996986037e-01;1.0000120551e+00;1.0000665735e+00;9.9998815746e-01;9.9993633173e-01;9.9999367152e-01;9.9990436542e-01;1.0000233080e+00;1.0000398592e+00;1.0000176471e+00;9.9996392245e-01;9.9998562888e-01;9.9999136705e-01;1.0000411992e+00;1.0000503682e+00;1.0000055080e+00;1.0000707473e+00;1.0000190880e+00
6.2914560000e-01;9.9999109635e-01;9.9997905590e-01;9.9995250249e-01;1.0000161357e+00;1.0000236621e+00;9.9997658516e-01;9.9997576148e-01;9.9997662483e-01;9.9997103361e-01;1.0000116293e+00;1.0000372806e+00;1.0000423860e+00;9.9998187942e-01;9.9993341362e-01;9.9996376253e-01;9.9998985278e-01;1.0000068943e+00;1.0000441025e+00;1.0000088169e+00;1.0000732824e+00
6.8157440000e-01;1.0000744116e+00;9.9997485717e-01;1.0000157652e+00;9.9997510327e-01;1.0000673647e+00;1.0000709123e+00;9.9997620613e-01;1.0000307932e+00;9.9997104065e-01;9.9996842477e-01;1.0000190107e+00;1.0000000336e+00;1.0000150372e+00;9.9995530701e-01;1.0000062566e+00;9.9999543194e-01;1.0000551873e+00;1.0000394491e+00;1.0000254284e+00;1.0000848287e+00
7.3400320000e-01;1.0000428413e+00;1.0000471390e+00;1.0000022262e+00;1.0000385073e+00;9.9999535207e-01;9.9998172549e-01;9.9995696403e-01;1.0000118284e+00;1.0000017820e+00;9.9992432458e-01;1.0000110860e+00;9.9997822935e-01;1.0000049168e+00;9.9993509493e-01;1.0000135394e+00;9.9995544359e-01;9.9999986662e-01;9.9999526022e-01;1.0000147245e+00;1.0000176911e+00
7.8643200000e-01;1.0000562041e+00;1.0000143138e+00;9.9998931991e-01;9.9999669684e-01;1.0000434004e+00;1.0000126122e+00;1.0000001226e+00;9.9999054529e-01;1.0000088639e+00;9.9998016758e-01;9.9998153092e-01;9.9995851035e-01;1.0000623693e+00;9.9997534363e-01;1.0000215896e+00;9.9993923205e-01;1.0000128683e+00;1.0000345575e+00;1.0000307687e+00;1.0001146038e+00
8.3886080000e-01;1.0000771310e+00;9.9998837225e-01;9.9999438909e-01;1.0000158977e+00;1.0000038879e+00;1.0000150464e+00;9.9999669275e-01;9.9992848182e-01;1.0000069228e+00;1.0000453061e+00;1.0000594698e+00;9.9995182819e-01;9.9996998834e-01;9.9991869117e-01;1.0000332838e+00;1.0000061765e+00;9.9998890165e-01;9.9999787157e-01;9.9998252839e-01;1.0000681523e+00
9.4371840000e-01;1.0000389219e+00;9.9997665906e-01;9.9998599220e-01;1.0000676176e+00;1.0000101170e+00;9.9999766664e-01;1.0000017373e+00;1.0000311288e+00;9.9999277090e-01;9.9999571694e-01;1.0000164139e+00;9.9999255303e-01;1.0000178569e+00;1.0000121453e+00;1.0000495599e+00;1.0000467407e+00;1.0000647488e+00;1.0000137184e+00;1.0000229890e+00;1.0000480280e+00
1.0485760000e+00;9.9999226387e-01;1.0000061044e+00;9.9999954493e-01;1.0000020358e+00;9.9996573005e-01;9.9999754860e-01;9.9998429203e-01;1.0000211308e+00;9.9999357214e-01;9.9994634028e-01;9.9998052881e-01;9.9999817446e-01;1.0000204796e+00;1.0000342096e+00;9.9997974854e-01;1.0000500145e+00;1.0000159922e+00;9.9999376471e-01;9.9998409655e-01;1.0000386472e+00
1.1534336000e+00;9.9998384143e-01;1.0000129829e+00;9.9997679170e-01;1.0000302363e+00;9.9998967477e-01;9.9996452586e-01;9.9997485312e-01;9.9998297105e-01;9.9999101181e-01;1.0000201742e+00;9.9999451238e-01;9.9999402124e-01;9.9999009879e-01;1.0000485088e+00;1.0000074129e+00;1.0000296214e+00;1.0000135811e+00;1.0000227898e+00;1.0000064413e+00;1.0000340902e+00
1.2582912000e+00;1.0000054480e+00;9.9997684785e-01;1.0000385295e+00;9.9999584321e-01;9.9991842410e-01;9.9997364957e-01;1.0000205004e+00;1.0000190959e+00;1.0000116478e+00;1.0000234443e+00;1.0000184466e+00;9.9996143759e-01;9.9999516145e-01;1.0000014486e+00;1.0000423892e+00;1.0000056184e+00;1.0000332871e+00;9.9999533738e-01;1.0000244258e+00;1.0000778174e+00
1.3631488000e+00;1.0000237646e+00;9.9999835740e-01;9.9998272778e-01;1.0000092914e+00;9.9996654933e-01;1.0000256131e+00;1.0000099202e+00;1.0000055810e+00;1.0000240692e+00;9.9998033864e-01;9.9998515479e-01;9.9995496591e-01;9.9993311036e-01;1.0000095378e+00;9.9998328232e-01;1.0000384469e+00;1.0000202390e+00;9.9998122955e-01;1.0000240835e+00;1.0000812168e+00
1.4680064000e+00;9.9998760798e-01;1.0000258546e+00;9.9997614691e-01;1.0000099146e+00;1.0000276066e+00;1.0000264736e+00;1.0000327336e+00;9.9997322380e-01;1.0000341590e+00;9.9998464561e-01;9.9996893141e-01;1.0000164361e+00;9.9997100942e-01;1.0000194793e+00;1.0000001996e+00;9.9999597533e-01;9.9999118341e-01;9.9999952717e-01;9.9998656837e-01;1.0000933942e+00
1.5728640000e+00;1.0000388522e+00;9.9999642428e-01;1.0000028502e+00;9.9996297423e-01;1.0000024510e+00;9.9999854859e-01;1.0000690365e+00;9.9998577619e-01;9.9999354751e-01;9.9998379060e-01;9.9998762659e-01;1.0000024986e+00;9.9997068599e-01;9.9995950641e-01;9.9999020483e-01;1.0000165451e+00;1.0000012567e+00;1.0000244698e+00;9.9999453526e-01;1.0000895036e+00
1.6777216000e+00;1.0000450429e+00;9.9999549507e-01;9.9998870687e-01;9.9998184265e-01;1.0000391122e+00;9.9999445583e-01;1.0000303153e+00;9.9999599052e-01;1.0000342486e+00;1.0000421979e+00;1.0000290266e+00;9.9998088769e-01;9.9998244467e-01;9.9997179956e-01;1.0000216064e+00;9.9994194250e-01;1.0000167321e+00;9.9993609246e-01;1.0000354881e+00;1.0000633664e+00
1.8874368000e+00;1.0000135703e+00;9.9998235226e-01;9.9998704884e-01;1.0000001106e+00;9.9996205161e-01;9.9999032815e-01;9.9999213021e-01;9.9999223717e-01;9.9997532224e-01;9.9996235097e-01;9.9998585569e-01;1.0000029272e+00;9.9999388872e-01;9.9997311971e-01;1.0000096863e+00;9.9997936024e-01;1.0000111798e+00;9.9998035591e-01;1.0000348156e+00;1.0000477565e+00
2.0971520000e+00;1.0000099801e+00;1.0000068631e+00;1.0000106802e+00;1.0000021410e+00;9.9997543079e-01;9.9996385346e-01;1.0000031955e+00;9.9998403742e-01;9.9998466939e-01;1.0000095252e+00;9.9999776549e-01;9.9999681207e-01;1.0000108793e+00;1.0000310431e+00;9.9998189499e-01;1.0000135608e+00;1.0000006250e+00;1.0000237189e+00;1.0000252893e+00;1.0000406609e+00
2.3068672000e+00;1.0000055273e+00;9.9999827977e-01;1.0000255797e+00;1.0000166762e+00;9.9997293015e-01;1.0000278829e+00;9.9998873053e-01;9.9999567268e-01;9.9998999340e-01;9.9997316457e-01;9.9999782327e-01;1.0000157453e+00;1.0000190843e+00;1.0000201263e+00;9.9997747836e-01;1.0000198058e+00;9.9999466241e-01;9.9993903052e-01;1.0000018966e+00;1.0000550804e+00
2.5165824000e+00;1.0000247702e+00;9.9998885790e-01;1.0000068399e+00;1.0000055801e+00;1.0000228810e+00;1.0000359215e+00;1.0000022437e+00;9.9997494933e-01;9.9998744442e-01;9.9997990493e-01;1.0000055773e+00;9.9999637502e-01;9.9997913217e-01;1.0000068673e+00;9.9998678915e-01;1.0000120429e+00;9.9996950260e-01;9.9998669774e-01;9.9998880100e-01;1.0000688983e+00
2.7262976000e+00;9.9997253060e-01;9.9997564469e-01;9.9998120276e-01;1.0000047505e+00;9.9999781939e-01;9.9998949766e-01;1.0000041132e+00;1.0000027496e+00;9.9998206099e-01;1.0000132677e+00;9.9998257153e-01;9.9999151766e-01;1.0000161236e+00;9.9998355797e-01;9.9996175156e-01;9.9998542705e-01;1.0000121918e+00;9.9998666502e-01;1.0000153197e+00;1.0000612217e+00
2.9360128000e+00;9.9998791400e-01;9.9995549067e-01;9.9998932161e-01;1.0000110992e+00;9.9996147237e-01;9.9998676071e-01;1.0000082515e+00;1.0000107823e+00;1.0000007732e+00;1.0000142725e+00;9.9998421963e-01;9.9999622861e-01;1.0000032808e+00;9.9998098407e-01;1.0000353437e+00;9.9998448388e-01;1.0000198592e+00;9.9995387937e-01;9.9998977035e-01;1.0000495822e+00
3.1457280000e+00;9.9999064958e-01;1.0000079147e+00;9.9997909103e-01;1.0000029279e+00;1.0000146548e+00;1.0000071831e+00;9.9999625805e-01;1.0000209378e+00;1.0000024863e+00;1.0000002236e+00;9.9999613665e-01;9.9998237132e-01;1.0000065384e+00;9.9998329761e-01;9.9998468242e-01;9.9997025841e-01;1.0000180733e+00;1.0000119449e+00;9.9999420140e-01;1.0000396723e+00
3.3554432000e+00;1.0000114135e+00;9.9999861918e-01;1.0000164963e+00;1.0000008266e+00;1.0000165941e+00;9.9996241817e-01;9.9999311695e-01;9.9999346905e-01;1.0000021828e+00;1.0000427750e+00;9.9998994710e-01;9.9998868968e-01;1.0000058961e+00;9.9996816570e-01;9.9997490673e-01;1.0000043735e+00;9.9999409954e-01;1.0000072962e+00;9.9997420811e-01;1.0000152916e+00
3.7748736000e+00;1.0000250360e+00;9.9996591075e-01;9.9999673222e-01;9.9995963386e-01;1.0000052819e+00;1.0000060451e+00;1.0000138864e+00;1.0000057894e+00;9.9998915313e-01;9.9999938966e-01;9.9996413588e-01;1.0000080324e+00;9.9999598188e-01;1.0000311698e+00;9.9998388869e-01;1.0000084528e+00;9.9997862427e-01;1.0000073011e+00;1.0000065255e+00;1.0000130516e+00
4.1943040000e+00;1.0000042953e+00;1.0000035747e+00;9.9998119939e-01;1.0000143970e+00;1.0000121624e+00;1.0000004969e+00;9.9999925105e-01;1.0000337634e+00;1.0000087616e+00;1.0000234020e+00;1.0000047160e+00;1.0000182718e+00;9.9997448806e-01;1.0000140083e+00;1.0000080538e+00;9.9997649528e-01;1.0000053015e+00;9.9999239591e-01;9.9999125104e-01;1.0000463393e+00
4.6137344000e+00;1.0000179214e+00;1.0000109876e+00;1.0000246589e+00;9.9997852638e-01;1.0000071466e+00;1.0000092559e+00;9.9999816730e-01;9.9998925007e-01;1.0000098104e+00;9.9998314933e-01;9.9999225464e-01;1.0000067943e+00;9.9997403964e-01;9.9996297794e-01;1.0000019748e+00;1.0000077542e+00;9.9997235923e-01;1.0000071658e+00;9.9997188383e-01;1.0000336517e+00
5.0331648000e+00;1.0000082415e+00;9.9999811349e-01;1.0000143583e+00;9.9998873428e-01;1.0000173762e+00;9.9997858990e-01;9.9999569231e-01;9.9999051826e-01;9.9998892870e-01;1.0000000062e+00;1.0000251503e+00;9.9997060934e-01;1.0000209598e+00;1.0000171137e+00;9.9999503222e-01;1.0000140678e+00;9.9999482755e-01;9.9998365478e-01;9.9997312405e-01;1.0000017035e+00
5.4525952000e+00;1.0000114097e+00;1.0000187790e+00;1.0000019597e+00;1.0000101369e+00;9.9998840122e-01;9.9999056311e-01;9.9999863250e-01;1.0000066001e+00;9.9998322557e-01;9.9998192310e-01;9.9999566683e-01;1.0000042726e+00;9.9998755402e-01;1.0000029605e+00;1.0000032419e+00;9.9999997546e-01;9.9998147432e-01;1.0000014400e+00;9.9997499531e-01;1.0000061848e+00
5.8720256000e+00;1.0000088602e+00;1.0000015826e+00;9.9998509503e-01;9.9998409863e-01;1.0000005312e+00;9.9998202046e-01;1.0000019962e+00;9.9999232020e-01;1.0000110477e+00;9.9996585085e-01;1.0000247915e+00;1.0000249501e+00;1.0000254475e+00;9.9999217078e-01;1.0000146571e+00;1.0000088290e+00;1.0000030501e+00;1.0000014873e+00;1.0000084509e+00;9.9999469320e-01
6.2914560000e+00;1.0000209926e+00;9.9998502976e-01;9.9998421942e-01;9.9999258349e-01;1.0000090828e+00;9.9999304223e-01;9.9997695451e-01;9.9999438458e-01;1.0000023402e+00;1.0000194691e+00;1.0000217492e+00;1.0000081799e+00;1.0000134408e+00;1.0000238811e+00;9.9999679188e-01;1.0000049754e+00;9.9998875324e-01;1.0000016420e+00;9.9999594981e-01;1.0000066256e+00
6.7108864000e+00;1.0000066382e+00;1.0000147038e+00;1.0000136958e+00;1.0000025817e+00;9.9999929721e-01;1.0000146471e+00;9.9998751692e-01;1.0000075389e+00;9.9998428868e-01;1.0000003871e+00;9.9998432008e-01;1.0000173360e+00;1.0000061557e+00;1.0000205690e+00;9.9998283697e-01;9.9999874924e-01;9.9997587342e-01;9.9998312140e-01;1.0000048963e+00;1.0000135997e+00
7.5497472000e+00;9.9997372758e-01;9.9999126658e-01;9.9999596394e-01;1.0000156173e+00;9.9999816254e-01;1.0000035747e+00;9.9997892675e-01;1.0000008696e+00;1.0000131263e+00;1.0000045145e+00;9.9999576034e-01;9.9999073744e-01;9.9997771401e-01;9.9998667514e-01;1.0000069719e+00;9.9997685525e-01;1.0000003661e+00;9.9998931840e-01;1.0000020992e+00;9.9999220804e-01
8.3886080000e+00;9.9998451840e-01;9.9998638169e-01;9.9999098911e-01;1.0000096838e+00;9.9999031918e-01;1.0000016718e+00;1.0000065662e+00;9.9999443453e-01;9.9999576726e-01;9.9999486621e-01;9.9999687397e-01;1.0000123074e+00;9.9999523923e-01;1.0000188281e+00;1.0000120468e+00;9.9997172968e-01;9.9999991169e-01;1.0000010117e+00;1.0000116432e+00;9.9997948274e-01
9.2274688000e+00;9.9999519396e-01;9.9998313343e-01;1.0000227974e+00;1.0000072117e+00;9.9998306568e-01;1.0000057572e+00;9.9997634146e-01;1.0000065210e+00;1.0000016364e+00;9.9998235942e-01;9.9999622044e-01;9.9996249528e-01;9.9998791823e-01;9.9998386206e-01;1.0000071436e+00;9.9998161563e-01;9.9998512624e-01;1.0000130821e+00;1.0000115890e+00;9.9998499066e-01
1.0066329600e+01;1.0000228960e+00;1.0000259288e+00;9.9999616290e-01;1.0000167953e+00;9.9999676735e-01;1.0000133852e+00;9.9999690607e-01;1.0000129149e+00;9.9999521231e-01;1.0000063778e+00;1.0000111349e+00;1.0000119241e+00;9.9999333949e-01;9.9999824382e-01;1.0000013548e+00;9.9999115861e-01;9.9998970709e-01;1.0000129338e+00;1.0000125504e+00;9.9997009041e-01
1.0905190400e+01;9.9999562180e-01;1.0000221779e+00;9.9999003166e-01;9.9999591352e-01;9.9998996034e-01;1.0000012048e+00;9.9998171061e-01;9.9998387321e-01;9.9999298794e-01;1.0000028411e+00;9.9999255342e-01;9.9999611718e-01;1.0000019326e+00;9.9999728557e-01;9.9998438643e-01;1.0000016212e+00;9.9997500033e-01;9.9998406266e-01;9.9999826732e-01;9.9997857317e-01
1.1744051200e+01;9.9997847300e-01;9.9998942283e-01;1.0000048550e+00;9.9998512154e-01;9.9999289826e-01;9.9999079639e-01;9.9999386960e-01;1.0000038477e+00;1.0000000321e+00;1.0000091015e+00;9.9999921966e-01;1.0000107508e+00;1.0000054611e+00;9.9999051834e-01;9.9998741491e-01;1.0000001912e+00;9.9999620357e-01;9.9997358421e-01;9.9998869720e-01;9.9998980513e-01
1.2582912000e+01;9.9999432283e-01;1.0000046358e+00;9.9999049982e-01;9.9999522461e-01;1.0000004422e+00;9.9999131320e-01;1.0000098951e+00;9.9998443185e-01;1.0000061147e+00;9.9998060345e-01;1.0000093297e+00;9.9999038957e-01;1.0000121688e+00;1.0000083390e+00;9.9999264454e-01;9.9999329732e-01;9.9998741391e-01;9.9999949467e-01;9.9998303730e-01;9.9995977471e-01
1.3421772800e+01;9.9999589769e-01;1.0000046654e+00;9.9999446457e-01;9.9998051927e-01;1.0000216640e+00;9.9999942505e-01;1.0000125731e+00;1.0000055758e+00;1.0000093732e+00;9.9998941378e-01;9.9999245106e-01;9.9996426247e-01;1.0000063650e+00;9.9999431560e-01;1.0000002728e+00;9.9997881304e-01;9.9998466551e-01;1.0000228895e+00;9.9998017266e-01;9.9995762089e-01
1.5099494400e+01;1.0000115285e+00;9.9999556905e-01;9.9999142308e-01;9.9999706711e-01;9.9999090605e-01;9.9999162040e-01;1.0000027414e+00;9.9998364317e-01;9.9999612569e-01;1.0000162566e+00;9.9998559418e-01;9.9999386695e-01;9.9998891483e-01;9.9998511957e-01;1.0000070349e+00;9.9999790586e-01;1.0000073603e+00;1.0000029055e+00;9.9999225094e-01;9.9994479734e-01
1.6777216000e+01;9.9999644215e-01;9.9998095712e-01;9.9999505922e-01;1.0000057702e+00;1.0000064804e+00;1.0000043924e+00;1.0000088425e+00;9.9999949918e-01;1.0000046648e+00;9.9999618984e-01;1.0000056041e+00;1.0000139382e+00;9.9999668853e-01;9.9999222672e-01;9.9999580881e-01;1.0000157643e+00;1.0000164076e+00;9.9997995048e-01;1.0000122407e+00;9.9992314914e-01
1.8454937600e+01;9.9995239324e-01;9.9998789615e-01;9.9999190983e-01;1.0000070075e+00;1.0000196876e+00;9.9998816779e-01;1.0000127989e+00;1.0000057712e+00;9.9998785334e-01;1.0000127718e+00;1.0000118188e+00;1.0000003211e+00;9.9999616484e-01;1.0000115239e+00;1.0000009546e+00;1.0000097249e+00;9.9998577901e-01;1.0000083977e+00;1.0000078264e+00;9.9992618795e-01
2.0132659200e+01;9.9999840225e-01;1.0000134057e+00;9.9999807560e-01;9.9998237918e-01;9.9999275359e-01;1.0000140551e+00;9.9999899801e-01;9.9998628845e-01;1.0000141833e+00;9.9999083935e-01;9.9997538424e-01;9.9999913458e-01;9.9999604289e-01;1.0000183226e+00;1.0000029008e+00;9.9999536634e-01;9.9997820882e-01;9.9999503880e-01;1.0000073118e+00;9.9995372098e-01
2.1810380800e+01;9.9993519565e-01;1.0000115372e+00;1.0000098721e+00;9.9999255217e-01;1.0000093714e+00;9.9999125756e-01;9.9999571762e-01;9.9997192150e-01;9.9999058661e-01;1.0000071713e+00;9.9996355436e-01;9.9998608422e-01;9.9999375001e-01;9.9997718472e-01;9.9999174343e-01;1.0000107350e+00;9.9999687405e-01;1.0000060869e+00;9.9997480966e-01;9.9998890855e-01
2.3488102400e+01;9.9989125836e-01;1.0000100880e+00;9.9999980722e-01;9.9997057912e-01;9.9997632682e-01;1.0000048403e+00;9.9998885507e-01;1.0000139186e+00;9.9998655103e-01;9.9998092418e-01;9.9998733549e-01;9.9999577807e-01;1.0000051870e+00;9.9998720928e-01;1.0000027516e+00;9.9999003164e-01;1.0000292126e+00;1.0000154686e+00;9.9999265363e-01;1.0000167102e+00
2.5165824000e+01;9.9995957316e-01;9.9999972881e-01;9.9999615339e-01;9.9998921259e-01;1.0000041944e+00;9.9998013117e-01;1.0000035551e+00;9.9999482248e-01;9.9999952980e-01;9.9999734157e-01;1.0000084145e+00;9.9999924911e-01;1.0000179433e+00;1.0000286463e+00;9.9999506832e-01;9.9999925368e-01;1.0000451394e+00;9.9998361421e-01;9.9997508826e-01;1.0000600567e+00
2.6843545600e+01;1.0000573899e+00;9.9998505735e-01;1.0000151282e+00;1.0000052354e+00;9.9995945613e-01;1.0000124984e+00;9.9999539953e-01;1.0000008629e+00;1.0000188831e+00;9.9999812529e-01;1.0000144825e+00;1.0000205263e+00;9.9999593760e-01;1.0000057284e+00;9.9999137723e-01;1.0000016352e+00;9.9997512282e-01;1.0000049858e+00;9.9997692797e-01;1.0000843324e+00
