;05_DP_1_1_1_1;05_DP_1_2_1_1;05_DP_1_3_1_1;05_DP_1_4_1_1;05_DP_1_5_1_1;05_DP_1_6_1_1;05_DP_1_7_1_1;05_DP_1_8_1_1;05_DP_1_9_1_1;05_DP_1_10_1_1;05_DP_1_11_1_1;05_DP_1_12_1_1;05_DP_1_13_1_1;05_DP_1_14_1_1;05_DP_1_15_1_1;05_DP_1_16_1_1;05_DP_1_17_1_1;05_DP_1_18_1_1;05_DP_1_19_1_1;05_DP_1_20_1_1
2.0000000000e-07;9.8190750498e-01;9.8169156590e-01;9.8213027748e-01;9.8593021164e-01;9.8465937829e-01;9.8662652130e-01;9.8809620988e-01;9.9033401767e-01;9.9072062646e-01;9.9597544254e-01;9.9568343302e-01;1.0005435551e+00;1.0006382450e+00;9.9958668811e-01;1.0030847898e+00;1.0064534985e+00;1.0093233292e+00;1.0077752685e+00;1.0114979107e+00;1.0110502120e+00
4.0000000000e-07;1.0724549639e+00;1.0759347641e+00;1.0753079797e+00;1.0787822740e+00;1.0793412422e+00;1.0811142958e+00;1.0827019028e+00;1.0842861305e+00;1.0871295492e+00;1.0889765234e+00;1.0906530129e+00;1.0930292431e+00;1.0952605726e+00;1.0962221425e+00;1.0974022994e+00;1.1016126468e+00;1.1032611798e+00;1.1052830561e+00;1.1059413893e+00;1.1061924887e+00
6.0000000000e-07;1.0732781166e+00;1.0730432508e+00;1.0753266858e+00;1.0785662192e+00;1.0798266142e+00;1.0809798124e+00;1.0810661447e+00;1.0834900104e+00;1.0849865412e+00;1.0872479912e+00;1.0885425266e+00;1.0921356872e+00;1.0943684684e+00;1.0968076581e+00;1.0970747565e+00;1.1011643013e+00;1.1003422262e+00;1.1024081826e+00;1.1077144915e+00;1.1052612048e+00
8.0000000000e-07;1.0723476728e+00;1.0730777276e+00;1.0743207517e+00;1.0757293338e+00;1.0768702148e+00;1.0789261211e+00;1.0798267742e+00;1.0827632714e+00;1.0837331409e+00;1.0858918126e+00;1.0884706874e+00;1.0905746347e+00;1.0920062628e+00;1.0937266932e+00;1.0966185810e+00;1.0972539835e+00;1.1003102002e+00;1.1021164254e+00;1.1038679958e+00;1.1072053472e+00
1.0000000000e-06;1.0718195247e+00;1.0743610833e+00;1.0760836832e+00;1.0792441266e+00;1.0783768538e+00;1.0821162171e+00;1.0823895320e+00;1.0837708472e+00;1.0861214851e+00;1.0899018327e+00;1.0887610495e+00;1.0938161462e+00;1.0935896203e+00;1.0965950461e+00;1.0972510190e+00;1.0987373271e+00;1.1007828102e+00;1.1025838991e+00;1.1058300525e+00;1.1048532314e+00
1.2000000000e-06;1.0698073527e+00;1.0724877245e+00;1.0733410507e+00;1.0760407981e+00;1.0754124899e+00;1.0772177483e+00;1.0787910426e+00;1.0798267002e+00;1.0833461061e+00;1.0874946509e+00;1.0871726187e+00;1.0906812516e+00;1.0902897383e+00;1.0919736017e+00;1.0952441053e+00;1.0988324235e+00;1.1009878245e+00;1.1013254891e+00;1.1027214274e+00;1.1051542731e+00
1.4000000000e-06;1.0723036427e+00;1.0729981952e+00;1.0741165562e+00;1.0756972518e+00;1.0753635514e+00;1.0798840466e+00;1.0800878258e+00;1.0808582660e+00;1.0819155146e+00;1.0843363941e+00;1.0872191525e+00;1.0898388775e+00;1.0922902960e+00;1.0939138044e+00;1.0955049378e+00;1.0990152117e+00;1.0984543922e+00;1.1007774491e+00;1.1028912595e+00;1.1045549855e+00
1.6000000000e-06;1.0699153070e+00;1.0710674107e+00;1.0729338950e+00;1.0754285208e+00;1.0780619318e+00;1.0792788924e+00;1.0818554658e+00;1.0807258704e+00;1.0824340258e+00;1.0851543277e+00;1.0872586042e+00;1.0903272318e+00;1.0918786377e+00;1.0935315829e+00;1.0948998819e+00;1.0980456558e+00;1.0999016925e+00;1.1024916284e+00;1.1033124517e+00;1.1035083470e+00
1.8000000000e-06;1.0701794391e+00;1.0711254785e+00;1.0714514687e+00;1.0751956707e+00;1.0736628149e+00;1.0781275276e+00;1.0791137989e+00;1.0790350105e+00;1.0818427609e+00;1.0833291217e+00;1.0862347218e+00;1.0893057212e+00;1.0888284100e+00;1.0923605337e+00;1.0916840592e+00;1.0953100038e+00;1.0971172230e+00;1.1000512204e+00;1.1014796492e+00;1.1043495862e+00
2.0000000000e-06;1.0714620326e+00;1.0718819360e+00;1.0721978925e+00;1.0768157190e+00;1.0766232927e+00;1.0794947082e+00;1.0813803923e+00;1.0810111499e+00;1.0835857563e+00;1.0865966876e+00;1.0845602935e+00;1.0902397841e+00;1.0891358418e+00;1.0944191474e+00;1.0946854822e+00;1.0953013522e+00;1.1005689785e+00;1.1006401860e+00;1.1017229459e+00;1.1039824148e+00
2.2000000000e-06;1.0686569598e+00;1.0709068616e+00;1.0722910969e+00;1.0725298567e+00;1.0737489012e+00;1.0773770985e+00;1.0766743571e+00;1.0788813609e+00;1.0812906584e+00;1.0841237676e+00;1.0836750188e+00;1.0867562129e+00;1.0896983903e+00;1.0903053873e+00;1.0922914793e+00;1.0945244712e+00;1.0962744434e+00;1.0988270458e+00;1.1013398802e+00;1.1024448154e+00
2.4000000000e-06;1.0703899196e+00;1.0703010227e+00;1.0720547089e+00;1.0743429800e+00;1.0733140279e+00;1.0769670195e+00;1.0778557352e+00;1.0797423309e+00;1.0814333379e+00;1.0835147171e+00;1.0862711262e+00;1.0877819767e+00;1.0901832686e+00;1.0905725836e+00;1.0954609280e+00;1.0946183325e+00;1.0964178873e+00;1.0986514048e+00;1.1011822646e+00;1.1003895267e+00
2.6000000000e-06;1.0689829102e+00;1.0705368970e+00;1.0717519550e+00;1.0730466818e+00;1.0734885143e+00;1.0777041486e+00;1.0767532441e+00;1.0795619552e+00;1.0786337115e+00;1.0837969984e+00;1.0844682074e+00;1.0889655511e+00;1.0896595432e+00;1.0904134180e+00;1.0923213321e+00;1.0957397932e+00;1.0967022194e+00;1.0989511669e+00;1.1019390566e+00;1.1030806611e+00
2.8000000000e-06;1.0685015246e+00;1.0695180880e+00;1.0702076368e+00;1.0712442341e+00;1.0724056810e+00;1.0762132699e+00;1.0766950323e+00;1.0782221372e+00;1.0799225380e+00;1.0831676463e+00;1.0831843090e+00;1.0859820693e+00;1.0896218117e+00;1.0910744474e+00;1.0924463856e+00;1.0938822037e+00;1.0966420157e+00;1.0963126742e+00;1.0979499914e+00;1.1005851513e+00
3.0000000000e-06;1.0690702339e+00;1.0696471350e+00;1.0714186219e+00;1.0744490775e+00;1.0757204522e+00;1.0772284850e+00;1.0776648364e+00;1.0798685591e+00;1.0813894882e+00;1.0839575445e+00;1.0836163140e+00;1.0866079748e+00;1.0877799110e+00;1.0907956215e+00;1.0931371847e+00;1.0956817318e+00;1.0961451505e+00;1.0971380207e+00;1.1002366837e+00;1.1015614399e+00
3.2000000000e-06;1.0680889014e+00;1.0682440343e+00;1.0686543643e+00;1.0710968813e+00;1.0714049217e+00;1.0756330127e+00;1.0765375223e+00;1.0784808376e+00;1.0795373682e+00;1.0811182310e+00;1.0822717114e+00;1.0849360280e+00;1.0856784554e+00;1.0911034791e+00;1.0906085939e+00;1.0938500793e+00;1.0945018755e+00;1.0963747288e+00;1.0981918287e+00;1.0989687672e+00
3.6000000000e-06;1.0677626438e+00;1.0683562266e+00;1.0688121283e+00;1.0722080959e+00;1.0730623641e+00;1.0740832642e+00;1.0768555017e+00;1.0769556804e+00;1.0787895735e+00;1.0824242810e+00;1.0821649612e+00;1.0853204969e+00;1.0859254888e+00;1.0888956440e+00;1.0895664190e+00;1.0915423757e+00;1.0948592933e+00;1.0955275751e+00;1.0980179028e+00;1.0987411423e+00
4.0000000000e-06;1.0678558801e+00;1.0693080501e+00;1.0695361754e+00;1.0719672238e+00;1.0711604452e+00;1.0744576304e+00;1.0756746836e+00;1.0779774665e+00;1.0790087972e+00;1.0813284721e+00;1.0822206762e+00;1.0845555064e+00;1.0864048132e+00;1.0884525121e+00;1.0873349874e+00;1.0915720060e+00;1.0948227784e+00;1.0950363133e+00;1.0980430269e+00;1.0991301008e+00
4.4000000000e-06;1.0664908132e+00;1.0670911914e+00;1.0686502902e+00;1.0700536919e+00;1.0720601583e+00;1.0739827968e+00;1.0753892065e+00;1.0754971501e+00;1.0774859519e+00;1.0805739215e+00;1.0811315307e+00;1.0859759586e+00;1.0861318457e+00;1.0882852956e+00;1.0898439081e+00;1.0920857938e+00;1.0936285105e+00;1.0951181764e+00;1.0970484439e+00;1.0967273351e+00
4.8000000000e-06;1.0663917743e+00;1.0676418059e+00;1.0683020434e+00;1.0706580707e+00;1.0714757913e+00;1.0745584640e+00;1.0748875979e+00;1.0742652045e+00;1.0765762030e+00;1.0791861579e+00;1.0794601313e+00;1.0825067760e+00;1.0851926638e+00;1.0869155811e+00;1.0876756017e+00;1.0912372712e+00;1.0924917866e+00;1.0930329938e+00;1.0955750124e+00;1.0964607414e+00
5.2000000000e-06;1.0659909762e+00;1.0665424011e+00;1.0680291808e+00;1.0694968921e+00;1.0701542088e+00;1.0730078114e+00;1.0742182197e+00;1.0745197534e+00;1.0766088313e+00;1.0785215936e+00;1.0805856751e+00;1.0844143545e+00;1.0849059121e+00;1.0873089962e+00;1.0874517622e+00;1.0904406226e+00;1.0927652259e+00;1.0918024027e+00;1.0951843731e+00;1.0959607209e+00
5.6000000000e-06;1.0660666766e+00;1.0662507228e+00;1.0670370355e+00;1.0692926642e+00;1.0699357233e+00;1.0726247046e+00;1.0725452207e+00;1.0745553585e+00;1.0764367572e+00;1.0791451271e+00;1.0787579625e+00;1.0831145364e+00;1.0845287300e+00;1.0846909818e+00;1.0877977482e+00;1.0907543249e+00;1.0925961480e+00;1.0919193539e+00;1.0954853141e+00;1.0940862915e+00
6.0000000000e-06;1.0654145296e+00;1.0656277393e+00;1.0667887104e+00;1.0693525807e+00;1.0692400024e+00;1.0736204061e+00;1.0731777678e+00;1.0745500152e+00;1.0757989351e+00;1.0793395090e+00;1.0790726001e+00;1.0829759068e+00;1.0834457726e+00;1.0847346228e+00;1.0868950139e+00;1.0876715144e+00;1.0893601893e+00;1.0914280921e+00;1.0936639597e+00;1.0946976150e+00
6.4000000000e-06;1.0648598994e+00;1.0651535253e+00;1.0668025633e+00;1.0676906674e+00;1.0698200762e+00;1.0724001361e+00;1.0721728507e+00;1.0735714510e+00;1.0742000056e+00;1.0774442082e+00;1.0781691080e+00;1.0818461617e+00;1.0816338242e+00;1.0855199534e+00;1.0861583416e+00;1.0882520875e+00;1.0905929494e+00;1.0909131534e+00;1.0920423347e+00;1.0946730810e+00
7.2000000000e-06;1.0632058876e+00;1.0654527218e+00;1.0648098253e+00;1.0675028408e+00;1.0673214004e+00;1.0715522187e+00;1.0712187002e+00;1.0721316436e+00;1.0740255878e+00;1.0767158926e+00;1.0781680720e+00;1.0813006197e+00;1.0817589901e+00;1.0829859507e+00;1.0840736498e+00;1.0871942041e+00;1.0889114159e+00;1.0903192870e+00;1.0921398924e+00;1.0933331138e+00
8.0000000000e-06;1.0627345895e+00;1.0641406566e+00;1.0651255979e+00;1.0669147896e+00;1.0666925546e+00;1.0692826806e+00;1.0707508899e+00;1.0722470578e+00;1.0737050656e+00;1.0756800889e+00;1.0761501407e+00;1.0800264640e+00;1.0803371307e+00;1.0834857693e+00;1.0841837971e+00;1.0862502581e+00;1.0877449012e+00;1.0881086386e+00;1.0906640710e+00;1.0915691033e+00
8.8000000000e-06;1.0619079673e+00;1.0620700037e+00;1.0635762276e+00;1.0656623695e+00;1.0669137125e+00;1.0693139926e+00;1.0696098617e+00;1.0703427120e+00;1.0715916482e+00;1.0748589808e+00;1.0755676912e+00;1.0785397664e+00;1.0798836531e+00;1.0814359256e+00;1.0826834445e+00;1.0845100745e+00;1.0865102756e+00;1.0879174126e+00;1.0894868247e+00;1.0902660636e+00
9.6000000000e-06;1.0606101090e+00;1.0630274819e+00;1.0636692270e+00;1.0652642197e+00;1.0659210303e+00;1.0688232410e+00;1.0691378466e+00;1.0701603186e+00;1.0714613733e+00;1.0738442035e+00;1.0748731102e+00;1.0784758486e+00;1.0789641538e+00;1.0807908399e+00;1.0826304189e+00;1.0839147342e+00;1.0855102651e+00;1.0864516555e+00;1.0876587591e+00;1.0893273758e+00
1.0400000000e-05;1.0609432676e+00;1.0618332463e+00;1.0623579163e+00;1.0635592804e+00;1.0648298912e+00;1.0681773928e+00;1.0682046794e+00;1.0696911553e+00;1.0706469687e+00;1.0737371927e+00;1.0738919549e+00;1.0770588100e+00;1.0784158930e+00;1.0801260920e+00;1.0803255163e+00;1.0825722512e+00;1.0850818126e+00;1.0848639829e+00;1.0880912372e+00;1.0894734962e+00
1.1200000000e-05;1.0600796450e+00;1.0611001965e+00;1.0619670366e+00;1.0630989825e+00;1.0642892420e+00;1.0671117177e+00;1.0672269267e+00;1.0686933223e+00;1.0701352664e+00;1.0724858064e+00;1.0728366900e+00;1.0759690384e+00;1.0771762811e+00;1.0793293980e+00;1.0799011827e+00;1.0817450216e+00;1.0840734767e+00;1.0852895107e+00;1.0851808134e+00;1.0871540687e+00
1.2000000000e-05;1.0594157949e+00;1.0608718193e+00;1.0612369868e+00;1.0632886684e+00;1.0645409827e+00;1.0665644448e+00;1.0664807129e+00;1.0675696180e+00;1.0700234100e+00;1.0726892801e+00;1.0722410061e+00;1.0748441629e+00;1.0757621885e+00;1.0775762935e+00;1.0801756940e+00;1.0819936507e+00;1.0833037822e+00;1.0836186425e+00;1.0861549801e+00;1.0859496948e+00
1.2800000000e-05;1.0591056914e+00;1.0602877871e+00;1.0605112247e+00;1.0624224202e+00;1.0631496124e+00;1.0648062524e+00;1.0658616103e+00;1.0677866145e+00;1.0684188724e+00;1.0713572510e+00;1.0723892826e+00;1.0739777786e+00;1.0746454620e+00;1.0768719584e+00;1.0785487041e+00;1.0808677082e+00;1.0813876775e+00;1.0831696264e+00;1.0844246463e+00;1.0868837626e+00
1.4400000000e-05;1.0576820961e+00;1.0593625209e+00;1.0595719393e+00;1.0613995253e+00;1.0622182681e+00;1.0641819765e+00;1.0650963770e+00;1.0665186294e+00;1.0676698426e+00;1.0703036299e+00;1.0710588378e+00;1.0736744300e+00;1.0741867424e+00;1.0762061748e+00;1.0774366957e+00;1.0796857632e+00;1.0806895911e+00;1.0823027926e+00;1.0843337300e+00;1.0851861009e+00
1.6000000000e-05;1.0572012126e+00;1.0583982258e+00;1.0586996252e+00;1.0605335630e+00;1.0604060410e+00;1.0634952946e+00;1.0641923196e+00;1.0651333840e+00;1.0669100478e+00;1.0684902224e+00;1.0692387126e+00;1.0722885898e+00;1.0726582324e+00;1.0744787494e+00;1.0756646114e+00;1.0784996496e+00;1.0796161618e+00;1.0805255227e+00;1.0820100717e+00;1.0826976778e+00
1.7600000000e-05;1.0561264828e+00;1.0569806311e+00;1.0581324824e+00;1.0597605229e+00;1.0597055206e+00;1.0622522330e+00;1.0627637682e+00;1.0640631881e+00;1.0652140154e+00;1.0676194641e+00;1.0681832963e+00;1.0707062020e+00;1.0719703322e+00;1.0732800651e+00;1.0741315403e+00;1.0765589564e+00;1.0781948343e+00;1.0786546576e+00;1.0803392707e+00;1.0822458821e+00
1.9200000000e-05;1.0557874715e+00;1.0562867202e+00;1.0565505329e+00;1.0589929439e+00;1.0589718788e+00;1.0613370339e+00;1.0622923700e+00;1.0633675455e+00;1.0636126785e+00;1.0665194269e+00;1.0674903344e+00;1.0701457190e+00;1.0705857570e+00;1.0724888068e+00;1.0737480037e+00;1.0753084631e+00;1.0768601892e+00;1.0777263453e+00;1.0796327153e+00;1.0809463344e+00
2.0800000000e-05;1.0543905909e+00;1.0554726284e+00;1.0564756120e+00;1.0578411012e+00;1.0581728749e+00;1.0606716233e+00;1.0612822794e+00;1.0622952812e+00;1.0634364871e+00;1.0650969027e+00;1.0658527454e+00;1.0692500212e+00;1.0702994698e+00;1.0715847713e+00;1.0722220786e+00;1.0748384603e+00;1.0765694901e+00;1.0771079423e+00;1.0788493736e+00;1.0790819703e+00
2.2400000000e-05;1.0540271667e+00;1.0547747532e+00;1.0553492055e+00;1.0570508837e+00;1.0572916464e+00;1.0602213882e+00;1.0605313759e+00;1.0616412459e+00;1.0618977115e+00;1.0653804270e+00;1.0650262262e+00;1.0679453175e+00;1.0680608309e+00;1.0703966299e+00;1.0712785739e+00;1.0739151129e+00;1.0750484197e+00;1.0762158521e+00;1.0781313443e+00;1.0782969634e+00
2.4000000000e-05;1.0533642367e+00;1.0537155706e+00;1.0541860739e+00;1.0566734166e+00;1.0564526873e+00;1.0587856373e+00;1.0590548580e+00;1.0607488303e+00;1.0620049898e+00;1.0640947349e+00;1.0649118876e+00;1.0676375107e+00;1.0681773519e+00;1.0701797116e+00;1.0708646371e+00;1.0724857750e+00;1.0740191776e+00;1.0756343529e+00;1.0760885027e+00;1.0784753186e+00
2.5600000000e-05;1.0525259656e+00;1.0529231875e+00;1.0543289629e+00;1.0554561590e+00;1.0556077102e+00;1.0579986454e+00;1.0585808598e+00;1.0595896362e+00;1.0598882439e+00;1.0631659697e+00;1.0633044791e+00;1.0666766852e+00;1.0673128368e+00;1.0686867558e+00;1.0700475318e+00;1.0719674106e+00;1.0729451309e+00;1.0738484984e+00;1.0755299511e+00;1.0762448600e+00
2.8800000000e-05;1.0509880520e+00;1.0522300306e+00;1.0526349476e+00;1.0545779533e+00;1.0548978010e+00;1.0573361564e+00;1.0575215695e+00;1.0584413667e+00;1.0594555999e+00;1.0618282744e+00;1.0624725306e+00;1.0646251962e+00;1.0657347780e+00;1.0675269272e+00;1.0679898696e+00;1.0704075945e+00;1.0712316742e+00;1.0720376524e+00;1.0734545166e+00;1.0748381813e+00
3.2000000000e-05;1.0502414619e+00;1.0506960817e+00;1.0513931432e+00;1.0535068876e+00;1.0533651465e+00;1.0560558968e+00;1.0560464788e+00;1.0571423891e+00;1.0577372312e+00;1.0602714440e+00;1.0608542328e+00;1.0631774931e+00;1.0641362772e+00;1.0658864819e+00;1.0666997354e+00;1.0682215948e+00;1.0697862934e+00;1.0702560402e+00;1.0722203095e+00;1.0723956746e+00
3.5200000000e-05;1.0485923832e+00;1.0499993209e+00;1.0503281353e+00;1.0518082408e+00;1.0526352751e+00;1.0546236156e+00;1.0549983436e+00;1.0560901004e+00;1.0564876052e+00;1.0591325033e+00;1.0596358236e+00;1.0618830517e+00;1.0627675486e+00;1.0643441167e+00;1.0650531809e+00;1.0670618188e+00;1.0682686151e+00;1.0689389472e+00;1.0702014499e+00;1.0709748562e+00
3.8400000000e-05;1.0478232093e+00;1.0489815637e+00;1.0493839281e+00;1.0513424988e+00;1.0512791960e+00;1.0536273264e+00;1.0543593392e+00;1.0554464413e+00;1.0552082909e+00;1.0578561237e+00;1.0585005741e+00;1.0608811581e+00;1.0618046634e+00;1.0629431662e+00;1.0636496877e+00;1.0654675581e+00;1.0667390209e+00;1.0678778679e+00;1.0689099023e+00;1.0704261362e+00
4.1600000000e-05;1.0477560279e+00;1.0482273799e+00;1.0489240201e+00;1.0500788587e+00;1.0501345553e+00;1.0521515899e+00;1.0530860841e+00;1.0540867448e+00;1.0544269774e+00;1.0573712396e+00;1.0577291888e+00;1.0601728445e+00;1.0603566850e+00;1.0620095875e+00;1.0629439976e+00;1.0644568674e+00;1.0657855359e+00;1.0663335438e+00;1.0674582820e+00;1.0683992565e+00
4.4800000000e-05;1.0464560406e+00;1.0469420638e+00;1.0475611804e+00;1.0496489508e+00;1.0492354154e+00;1.0516466207e+00;1.0518628278e+00;1.0525553413e+00;1.0533014028e+00;1.0556990015e+00;1.0559530851e+00;1.0587531647e+00;1.0596597463e+00;1.0607480598e+00;1.0616371275e+00;1.0632073396e+00;1.0644511036e+00;1.0649461909e+00;1.0668417656e+00;1.0674958635e+00
4.8000000000e-05;1.0459306696e+00;1.0463655103e+00;1.0469123580e+00;1.0483677038e+00;1.0487545694e+00;1.0504499634e+00;1.0512202385e+00;1.0519300493e+00;1.0527654959e+00;1.0547088578e+00;1.0554633864e+00;1.0580149775e+00;1.0582811159e+00;1.0599751505e+00;1.0607603874e+00;1.0620890407e+00;1.0633809406e+00;1.0639329814e+00;1.0654788852e+00;1.0660310029e+00
5.1200000000e-05;1.0448807174e+00;1.0454514107e+00;1.0460539744e+00;1.0476513645e+00;1.0476695380e+00;1.0496872452e+00;1.0502685171e+00;1.0508615996e+00;1.0516168794e+00;1.0538608460e+00;1.0541793027e+00;1.0569321459e+00;1.0572919468e+00;1.0583861686e+00;1.0592238683e+00;1.0609776889e+00;1.0623756744e+00;1.0627982292e+00;1.0636426946e+00;1.0658716131e+00
5.7600000000e-05;1.0434088782e+00;1.0442740942e+00;1.0445351156e+00;1.0460384421e+00;1.0460767993e+00;1.0484520048e+00;1.0487204598e+00;1.0491554504e+00;1.0500262241e+00;1.0522033449e+00;1.0525200724e+00;1.0548395063e+00;1.0553542090e+00;1.0569020899e+00;1.0578018380e+00;1.0591918017e+00;1.0604885820e+00;1.0606949990e+00;1.0623265113e+00;1.0628174523e+00
6.4000000000e-05;1.0420985390e+00;1.0424552450e+00;1.0431779303e+00;1.0444856237e+00;1.0449016409e+00;1.0465000053e+00;1.0470476661e+00;1.0478979159e+00;1.0486897091e+00;1.0504638515e+00;1.0507916375e+00;1.0526387519e+00;1.0536023085e+00;1.0553025170e+00;1.0557406938e+00;1.0575311948e+00;1.0577468806e+00;1.0592435734e+00;1.0600185239e+00;1.0606662861e+00
7.0400000000e-05;1.0410087232e+00;1.0415962881e+00;1.0419185919e+00;1.0431385701e+00;1.0437277113e+00;1.0454856173e+00;1.0455743392e+00;1.0467993229e+00;1.0471941602e+00;1.0491028058e+00;1.0492279518e+00;1.0515230803e+00;1.0517905247e+00;1.0534006041e+00;1.0538291598e+00;1.0554263503e+00;1.0564421612e+00;1.0568853591e+00;1.0581545257e+00;1.0593493595e+00
7.6800000000e-05;1.0397501817e+00;1.0402782260e+00;1.0406923199e+00;1.0421728692e+00;1.0420793601e+00;1.0439417862e+00;1.0446760672e+00;1.0452306799e+00;1.0457157832e+00;1.0477266603e+00;1.0481144625e+00;1.0496841445e+00;1.0506854163e+00;1.0521362895e+00;1.0525641026e+00;1.0539267808e+00;1.0544259301e+00;1.0552525174e+00;1.0564556158e+00;1.0576123720e+00
8.3200000000e-05;1.0387889969e+00;1.0391281346e+00;1.0394627609e+00;1.0409091969e+00;1.0405766657e+00;1.0429775785e+00;1.0431107862e+00;1.0437312443e+00;1.0442881532e+00;1.0465238716e+00;1.0467884708e+00;1.0480297602e+00;1.0489372146e+00;1.0502692195e+00;1.0513742439e+00;1.0529860805e+00;1.0533737845e+00;1.0536416599e+00;1.0552008592e+00;1.0558084743e+00
8.9600000000e-05;1.0373719640e+00;1.0380589460e+00;1.0385778028e+00;1.0397500888e+00;1.0399128288e+00;1.0419876888e+00;1.0421350379e+00;1.0431009635e+00;1.0433074071e+00;1.0456208020e+00;1.0451983885e+00;1.0470285629e+00;1.0480816262e+00;1.0489768681e+00;1.0495123595e+00;1.0511483369e+00;1.0519427038e+00;1.0525679552e+00;1.0534147624e+00;1.0542911883e+00
9.6000000000e-05;1.0367881410e+00;1.0372115740e+00;1.0375831583e+00;1.0389360226e+00;1.0387588216e+00;1.0407193151e+00;1.0411527140e+00;1.0414878641e+00;1.0420289578e+00;1.0439531699e+00;1.0442137732e+00;1.0461061393e+00;1.0462973203e+00;1.0476908629e+00;1.0482445978e+00;1.0496489968e+00;1.0504833128e+00;1.0510905277e+00;1.0524780794e+00;1.0528404678e+00
1.0240000000e-04;1.0358987295e+00;1.0364284372e+00;1.0365380640e+00;1.0376822965e+00;1.0381321483e+00;1.0397928799e+00;1.0402189928e+00;1.0408596381e+00;1.0410263713e+00;1.0432010276e+00;1.0431282523e+00;1.0446763925e+00;1.0453084637e+00;1.0467505662e+00;1.0467753021e+00;1.0487985726e+00;1.0492383525e+00;1.0496579773e+00;1.0512702816e+00;1.0514188302e+00
1.1520000000e-04;1.0342765263e+00;1.0346215939e+00;1.0349316085e+00;1.0361689466e+00;1.0363212059e+00;1.0378207411e+00;1.0384178034e+00;1.0389080809e+00;1.0391701217e+00;1.0411601795e+00;1.0413180081e+00;1.0427286791e+00;1.0431228445e+00;1.0443936592e+00;1.0444940249e+00;1.0466083905e+00;1.0471668456e+00;1.0471237185e+00;1.0484431521e+00;1.0490684725e+00
1.2800000000e-04;1.0326805213e+00;1.0332228045e+00;1.0333985937e+00;1.0345586767e+00;1.0344098620e+00;1.0361328034e+00;1.0368604271e+00;1.0368892168e+00;1.0372990182e+00;1.0391837552e+00;1.0394170447e+00;1.0407461560e+00;1.0412728520e+00;1.0426993362e+00;1.0427059011e+00;1.0441198537e+00;1.0448341924e+00;1.0453616482e+00;1.0465219185e+00;1.0467723409e+00
1.4080000000e-04;1.0315287508e+00;1.0317334654e+00;1.0318072862e+00;1.0332447838e+00;1.0330525832e+00;1.0348397691e+00;1.0351718751e+00;1.0356432827e+00;1.0359796563e+00;1.0377261524e+00;1.0376916693e+00;1.0391670061e+00;1.0394029698e+00;1.0406646277e+00;1.0410877609e+00;1.0423236400e+00;1.0430225934e+00;1.0434982351e+00;1.0439280121e+00;1.0450617212e+00
1.5360000000e-04;1.0302742373e+00;1.0304164795e+00;1.0305684662e+00;1.0320046368e+00;1.0315917056e+00;1.0335422805e+00;1.0338839008e+00;1.0342279364e+00;1.0343815186e+00;1.0362114611e+00;1.0363264880e+00;1.0374029869e+00;1.0379964887e+00;1.0390329787e+00;1.0391901099e+00;1.0406887788e+00;1.0410737500e+00;1.0418370104e+00;1.0425423113e+00;1.0432333323e+00
1.6640000000e-04;1.0290744098e+00;1.0292253954e+00;1.0293659974e+00;1.0307123563e+00;1.0304758693e+00;1.0323238993e+00;1.0324673094e+00;1.0327467143e+00;1.0330536263e+00;1.0348070849e+00;1.0348184998e+00;1.0360084717e+00;1.0361569055e+00;1.0376578422e+00;1.0378066365e+00;1.0389735771e+00;1.0393704569e+00;1.0400310885e+00;1.0407873238e+00;1.0415926687e+00
1.7920000000e-04;1.0278337305e+00;1.0280252477e+00;1.0286629767e+00;1.0296300570e+00;1.0292365118e+00;1.0309315634e+00;1.0315414694e+00;1.0318248456e+00;1.0318443831e+00;1.0332957399e+00;1.0333296545e+00;1.0346718028e+00;1.0349607407e+00;1.0361144049e+00;1.0362855113e+00;1.0376885812e+00;1.0376105785e+00;1.0386684654e+00;1.0390847859e+00;1.0399271131e+00
1.9200000000e-04;1.0267882273e+00;1.0271282990e+00;1.0274037773e+00;1.0285567159e+00;1.0282634393e+00;1.0300648379e+00;1.0302922565e+00;1.0306324409e+00;1.0306108041e+00;1.0322481803e+00;1.0321711364e+00;1.0336332963e+00;1.0337206586e+00;1.0351429764e+00;1.0350993610e+00;1.0364894122e+00;1.0365651536e+00;1.0372442802e+00;1.0380661362e+00;1.0386722544e+00
2.0480000000e-04;1.0259354217e+00;1.0263013644e+00;1.0264469650e+00;1.0275507795e+00;1.0271808383e+00;1.0289362485e+00;1.0290470592e+00;1.0294041884e+00;1.0297187986e+00;1.0312864615e+00;1.0309575379e+00;1.0322724641e+00;1.0325853015e+00;1.0338332777e+00;1.0335876369e+00;1.0353674807e+00;1.0354338541e+00;1.0358152662e+00;1.0366188639e+00;1.0373085924e+00
2.3040000000e-04;1.0242911289e+00;1.0248116047e+00;1.0248899750e+00;1.0257105432e+00;1.0253767691e+00;1.0271031988e+00;1.0275123082e+00;1.0276396776e+00;1.0276298559e+00;1.0293850277e+00;1.0290182855e+00;1.0302233333e+00;1.0302238118e+00;1.0316526642e+00;1.0315126477e+00;1.0327976951e+00;1.0329719103e+00;1.0338136558e+00;1.0344540166e+00;1.0349359296e+00
2.5600000000e-04;1.0230184153e+00;1.0234104353e+00;1.0235661208e+00;1.0242705528e+00;1.0240942950e+00;1.0257220978e+00;1.0259958534e+00;1.0260391773e+00;1.0261697090e+00;1.0275621825e+00;1.0273222174e+00;1.0283353978e+00;1.0286850318e+00;1.0297255243e+00;1.0295563741e+00;1.0310068248e+00;1.0313452867e+00;1.0320050003e+00;1.0323664170e+00;1.0330858316e+00
2.8160000000e-04;1.0217096774e+00;1.0220175076e+00;1.0222699487e+00;1.0227828369e+00;1.0227735680e+00;1.0242808473e+00;1.0243853589e+00;1.0247213107e+00;1.0248470696e+00;1.0260673524e+00;1.0258354827e+00;1.0266842721e+00;1.0269611703e+00;1.0282103084e+00;1.0277320764e+00;1.0292849013e+00;1.0296003621e+00;1.0303305036e+00;1.0302514918e+00;1.0308062903e+00
3.0720000000e-04;1.0205931301e+00;1.0209503510e+00;1.0208890912e+00;1.0217505701e+00;1.0215331672e+00;1.0229457507e+00;1.0231155271e+00;1.0233163169e+00;1.0235219801e+00;1.0248715576e+00;1.0243993697e+00;1.0252756375e+00;1.0253825664e+00;1.0266174641e+00;1.0264314738e+00;1.0277079223e+00;1.0278796149e+00;1.0288043025e+00;1.0286555152e+00;1.0292076295e+00
3.3280000000e-04;1.0196111029e+00;1.0198854520e+00;1.0199592538e+00;1.0205245920e+00;1.0204465654e+00;1.0217278840e+00;1.0219995235e+00;1.0223246938e+00;1.0223468996e+00;1.0236239288e+00;1.0231202437e+00;1.0241835033e+00;1.0241342950e+00;1.0251828832e+00;1.0249756487e+00;1.0262544881e+00;1.0266977245e+00;1.0275129838e+00;1.0273066874e+00;1.0276997307e+00
3.5840000000e-04;1.0186827837e+00;1.0190153718e+00;1.0191896271e+00;1.0194383955e+00;1.0193523786e+00;1.0206854419e+00;1.0211017457e+00;1.0212726507e+00;1.0212629460e+00;1.0225653439e+00;1.0222692824e+00;1.0232114766e+00;1.0228456185e+00;1.0241595088e+00;1.0239835304e+00;1.0250797541e+00;1.0252747733e+00;1.0261917758e+00;1.0261779133e+00;1.0264327980e+00
3.8400000000e-04;1.0178688685e+00;1.0180307356e+00;1.0182954648e+00;1.0185124506e+00;1.0186314854e+00;1.0198222560e+00;1.0200702505e+00;1.0202323300e+00;1.0205274142e+00;1.0213949236e+00;1.0210490736e+00;1.0217722995e+00;1.0220021967e+00;1.0231206823e+00;1.0228281334e+00;1.0238167728e+00;1.0241846793e+00;1.0249826064e+00;1.0248795077e+00;1.0251784667e+00
4.0960000000e-04;1.0171710756e+00;1.0173948304e+00;1.0175535897e+00;1.0177851936e+00;1.0177952367e+00;1.0192449863e+00;1.0193154155e+00;1.0192027049e+00;1.0197807118e+00;1.0205304837e+00;1.0203500849e+00;1.0209506639e+00;1.0210303932e+00;1.0220844944e+00;1.0219426154e+00;1.0230823244e+00;1.0232116809e+00;1.0238952716e+00;1.0238284758e+00;1.0240055072e+00
4.6080000000e-04;1.0159888594e+00;1.0157297910e+00;1.0160855811e+00;1.0164665593e+00;1.0163748696e+00;1.0177559104e+00;1.0177881449e+00;1.0179297246e+00;1.0181478698e+00;1.0190583072e+00;1.0187303769e+00;1.0190492804e+00;1.0193630942e+00;1.0203170349e+00;1.0202470125e+00;1.0210752276e+00;1.0214111935e+00;1.0222095795e+00;1.0218783739e+00;1.0224406371e+00
5.1200000000e-04;1.0149198892e+00;1.0145455520e+00;1.0148904834e+00;1.0152515275e+00;1.0152316435e+00;1.0165213372e+00;1.0166706062e+00;1.0166343146e+00;1.0167983312e+00;1.0177545063e+00;1.0172953646e+00;1.0178159857e+00;1.0180074692e+00;1.0187756032e+00;1.0189553316e+00;1.0197135837e+00;1.0198998709e+00;1.0205740907e+00;1.0204060700e+00;1.0207417650e+00
5.6320000000e-04;1.0139384034e+00;1.0135825677e+00;1.0141350035e+00;1.0142775373e+00;1.0140786423e+00;1.0152797526e+00;1.0156757354e+00;1.0154712267e+00;1.0156322632e+00;1.0167316066e+00;1.0160976134e+00;1.0165489777e+00;1.0167538716e+00;1.0177411873e+00;1.0175596528e+00;1.0183453269e+00;1.0186237294e+00;1.0192941481e+00;1.0189175049e+00;1.0194295895e+00
6.1440000000e-04;1.0131955230e+00;1.0126579056e+00;1.0132262899e+00;1.0135417819e+00;1.0132337459e+00;1.0141653952e+00;1.0146764611e+00;1.0143839372e+00;1.0147054091e+00;1.0156321810e+00;1.0150148467e+00;1.0155057771e+00;1.0156318126e+00;1.0165556942e+00;1.0164873907e+00;1.0172754814e+00;1.0172585454e+00;1.0181361683e+00;1.0175639076e+00;1.0180227095e+00
6.6560000000e-04;1.0126968137e+00;1.0119913229e+00;1.0123236170e+00;1.0126519006e+00;1.0125981527e+00;1.0135371418e+00;1.0138239273e+00;1.0137312589e+00;1.0137608423e+00;1.0147134509e+00;1.0140559153e+00;1.0146421712e+00;1.0147293135e+00;1.0153773043e+00;1.0154141735e+00;1.0162403826e+00;1.0163110648e+00;1.0172748809e+00;1.0166325528e+00;1.0170116598e+00
7.1680000000e-04;1.0118218973e+00;1.0112037288e+00;1.0117381894e+00;1.0119563251e+00;1.0119096598e+00;1.0127849551e+00;1.0131253820e+00;1.0129441933e+00;1.0129903787e+00;1.0140064644e+00;1.0134223289e+00;1.0139421851e+00;1.0140594076e+00;1.0143761448e+00;1.0147479886e+00;1.0153057921e+00;1.0155198246e+00;1.0160121567e+00;1.0157513417e+00;1.0160792041e+00
7.6800000000e-04;1.0112285450e+00;1.0105410725e+00;1.0112455839e+00;1.0112284609e+00;1.0111435758e+00;1.0122177831e+00;1.0124107969e+00;1.0122061096e+00;1.0124221396e+00;1.0132407643e+00;1.0127526582e+00;1.0132507974e+00;1.0131997312e+00;1.0136538233e+00;1.0139996703e+00;1.0143688506e+00;1.0145725237e+00;1.0152001397e+00;1.0148507646e+00;1.0152740339e+00
8.1920000000e-04;1.0107328193e+00;1.0100246473e+00;1.0106007210e+00;1.0106606348e+00;1.0104313414e+00;1.0115973554e+00;1.0119351865e+00;1.0116457927e+00;1.0118415395e+00;1.0126800437e+00;1.0120509512e+00;1.0126519350e+00;1.0124314172e+00;1.0127988369e+00;1.0135478061e+00;1.0136960091e+00;1.0138536746e+00;1.0145095296e+00;1.0142314493e+00;1.0146757927e+00
9.2160000000e-04;1.0096365011e+00;1.0092174630e+00;1.0096013367e+00;1.0096170455e+00;1.0095377856e+00;1.0104881214e+00;1.0108666694e+00;1.0104815063e+00;1.0106342024e+00;1.0115899814e+00;1.0108765110e+00;1.0114629025e+00;1.0117392280e+00;1.0116070902e+00;1.0122054020e+00;1.0126637610e+00;1.0124671885e+00;1.0132885802e+00;1.0128794380e+00;1.0134982517e+00
1.0240000000e-03;1.0087985601e+00;1.0083150929e+00;1.0088544996e+00;1.0088848573e+00;1.0086652264e+00;1.0096501719e+00;1.0097936174e+00;1.0095745015e+00;1.0095793552e+00;1.0107993603e+00;1.0099943248e+00;1.0102822644e+00;1.0107513789e+00;1.0105238439e+00;1.0109952476e+00;1.0115039615e+00;1.0111996918e+00;1.0119118373e+00;1.0120073511e+00;1.0123170222e+00
1.1264000000e-03;1.0081735923e+00;1.0077789002e+00;1.0080396803e+00;1.0083238931e+00;1.0078409144e+00;1.0087616466e+00;1.0091492703e+00;1.0088056260e+00;1.0087609287e+00;1.0099979089e+00;1.0092144055e+00;1.0094436163e+00;1.0099526582e+00;1.0096958817e+00;1.0103729209e+00;1.0108731404e+00;1.0103774117e+00;1.0109437805e+00;1.0113595285e+00;1.0112176152e+00
1.2288000000e-03;1.0076611640e+00;1.0073378993e+00;1.0073661559e+00;1.0077516155e+00;1.0073306239e+00;1.0081689823e+00;1.0085353208e+00;1.0081478151e+00;1.0081790491e+00;1.0091909115e+00;1.0085938790e+00;1.0086079132e+00;1.0093284001e+00;1.0089073369e+00;1.0096750773e+00;1.0098157505e+00;1.0097272073e+00;1.0101303842e+00;1.0105254255e+00;1.0104279184e+00
1.3312000000e-03;1.0071488700e+00;1.0069671650e+00;1.0069647676e+00;1.0073099130e+00;1.0069231616e+00;1.0075311065e+00;1.0081240880e+00;1.0077225464e+00;1.0076366942e+00;1.0087017371e+00;1.0080743910e+00;1.0078404015e+00;1.0086335644e+00;1.0083461051e+00;1.0088757319e+00;1.0093473925e+00;1.0091393842e+00;1.0092390980e+00;1.0097481799e+00;1.0096386099e+00
1.4336000000e-03;1.0067108873e+00;1.0064832451e+00;1.0064767757e+00;1.0069241998e+00;1.0063494879e+00;1.0072301105e+00;1.0077630303e+00;1.0072734712e+00;1.0070884153e+00;1.0082670949e+00;1.0075798436e+00;1.0072464751e+00;1.0079596738e+00;1.0078131462e+00;1.0083087485e+00;1.0084869925e+00;1.0083696981e+00;1.0084996162e+00;1.0089546573e+00;1.0090634394e+00
1.5360000000e-03;1.0063233575e+00;1.0059122745e+00;1.0060801500e+00;1.0065604856e+00;1.0060054438e+00;1.0068518665e+00;1.0072119403e+00;1.0067263217e+00;1.0064603941e+00;1.0079186712e+00;1.0071036112e+00;1.0067737470e+00;1.0075129860e+00;1.0073682541e+00;1.0076312453e+00;1.0081818014e+00;1.0079156040e+00;1.0080112647e+00;1.0083990266e+00;1.0083682631e+00
1.6384000000e-03;1.0060187432e+00;1.0055622888e+00;1.0058307131e+00;1.0060686938e+00;1.0057737534e+00;1.0065285535e+00;1.0067522880e+00;1.0064977176e+00;1.0062179372e+00;1.0076166606e+00;1.0067166011e+00;1.0063424709e+00;1.0070767502e+00;1.0069960958e+00;1.0072229133e+00;1.0076973168e+00;1.0077018607e+00;1.0077851729e+00;1.0080691558e+00;1.0081784605e+00
1.8432000000e-03;1.0051696055e+00;1.0051708721e+00;1.0052132059e+00;1.0054978306e+00;1.0051902949e+00;1.0058436262e+00;1.0061916839e+00;1.0056360295e+00;1.0054876416e+00;1.0068709408e+00;1.0058887664e+00;1.0057017167e+00;1.0061549260e+00;1.0061250135e+00;1.0064398474e+00;1.0069585553e+00;1.0066611016e+00;1.0071661576e+00;1.0072815895e+00;1.0070594261e+00
2.0480000000e-03;1.0046956200e+00;1.0046948319e+00;1.0046502474e+00;1.0047912270e+00;1.0044893798e+00;1.0053345124e+00;1.0058397110e+00;1.0047517732e+00;1.0050627499e+00;1.0060760241e+00;1.0052806909e+00;1.0052351110e+00;1.0055544169e+00;1.0056578770e+00;1.0057845513e+00;1.0060673942e+00;1.0060514669e+00;1.0064319706e+00;1.0065015278e+00;1.0064483943e+00
2.2528000000e-03;1.0042606883e+00;1.0045037805e+00;1.0041444440e+00;1.0044531527e+00;1.0040613745e+00;1.0049827130e+00;1.0053882680e+00;1.0043251752e+00;1.0045847434e+00;1.0053986692e+00;1.0049425874e+00;1.0049067300e+00;1.0052205560e+00;1.0053148809e+00;1.0051464318e+00;1.0054975161e+00;1.0054715961e+00;1.0060562864e+00;1.0056905985e+00;1.0059637356e+00
2.4576000000e-03;1.0039901529e+00;1.0039943241e+00;1.0037128668e+00;1.0043443919e+00;1.0036297421e+00;1.0046095044e+00;1.0048711579e+00;1.0040311210e+00;1.0042445621e+00;1.0051080160e+00;1.0046758129e+00;1.0046233558e+00;1.0046806088e+00;1.0047385626e+00;1.0048289827e+00;1.0051263552e+00;1.0052643252e+00;1.0054448561e+00;1.0050703106e+00;1.0056092192e+00
2.6624000000e-03;1.0037482630e+00;1.0038088562e+00;1.0032880462e+00;1.0039893479e+00;1.0035648316e+00;1.0041979282e+00;1.0043689660e+00;1.0037653952e+00;1.0038724565e+00;1.0048739711e+00;1.0043085547e+00;1.0040069361e+00;1.0039632531e+00;1.0042184913e+00;1.0044739401e+00;1.0048126109e+00;1.0046596723e+00;1.0050349807e+00;1.0045735411e+00;1.0052598273e+00
2.8672000000e-03;1.0034278257e+00;1.0034541918e+00;1.0031085741e+00;1.0035888780e+00;1.0032236895e+00;1.0038267332e+00;1.0041376911e+00;1.0034627849e+00;1.0034875707e+00;1.0045380306e+00;1.0039363661e+00;1.0038637188e+00;1.0035069020e+00;1.0039548964e+00;1.0042065457e+00;1.0044195796e+00;1.0041363229e+00;1.0044547774e+00;1.0044059499e+00;1.0047296824e+00
3.0720000000e-03;1.0032297541e+00;1.0030706268e+00;1.0028179015e+00;1.0033103065e+00;1.0028489853e+00;1.0033924526e+00;1.0038827858e+00;1.0033560198e+00;1.0031901972e+00;1.0040754715e+00;1.0037886326e+00;1.0035556423e+00;1.0034602198e+00;1.0034782651e+00;1.0040329235e+00;1.0041254635e+00;1.0040473044e+00;1.0045178239e+00;1.0041928422e+00;1.0044136532e+00
3.2768000000e-03;1.0030611087e+00;1.0028775053e+00;1.0027108986e+00;1.0030097659e+00;1.0027894190e+00;1.0032828602e+00;1.0034515465e+00;1.0029182291e+00;1.0029993268e+00;1.0035772036e+00;1.0036665959e+00;1.0033035363e+00;1.0031759490e+00;1.0032416475e+00;1.0038235783e+00;1.0040175482e+00;1.0037726438e+00;1.0042097728e+00;1.0039509250e+00;1.0041299186e+00
3.6864000000e-03;1.0028516624e+00;1.0024568363e+00;1.0024692198e+00;1.0027213141e+00;1.0024449269e+00;1.0029826667e+00;1.0029029341e+00;1.0027198347e+00;1.0026429592e+00;1.0032498085e+00;1.0031330553e+00;1.0029784932e+00;1.0026543516e+00;1.0031395775e+00;1.0034169497e+00;1.0033291730e+00;1.0033092785e+00;1.0038351031e+00;1.0036378609e+00;1.0036191133e+00
4.0960000000e-03;1.0024960646e+00;1.0021278627e+00;1.0024038899e+00;1.0024324884e+00;1.0022736425e+00;1.0027206574e+00;1.0024920448e+00;1.0023196468e+00;1.0024545540e+00;1.0030492061e+00;1.0027594620e+00;1.0024296657e+00;1.0026541654e+00;1.0027850120e+00;1.0030765620e+00;1.0028950307e+00;1.0026854312e+00;1.0033372154e+00;1.0032384120e+00;1.0033582172e+00
4.5056000000e-03;1.0021744465e+00;1.0018209935e+00;1.0020801899e+00;1.0020189287e+00;1.0019704933e+00;1.0024598181e+00;1.0022361927e+00;1.0021489334e+00;1.0021592637e+00;1.0027845034e+00;1.0024351137e+00;1.0022231483e+00;1.0021750772e+00;1.0025203301e+00;1.0025924845e+00;1.0026967854e+00;1.0024012730e+00;1.0028775815e+00;1.0030156685e+00;1.0030040963e+00
4.9152000000e-03;1.0018615363e+00;1.0017804671e+00;1.0019586228e+00;1.0018774237e+00;1.0016034430e+00;1.0021244567e+00;1.0020890594e+00;1.0020266648e+00;1.0020220153e+00;1.0025094717e+00;1.0020875444e+00;1.0017707419e+00;1.0021879830e+00;1.0021793645e+00;1.0022642943e+00;1.0024229756e+00;1.0023412623e+00;1.0026407426e+00;1.0028021120e+00;1.0024993884e+00
5.3248000000e-03;1.0019003959e+00;1.0014413345e+00;1.0017017383e+00;1.0016043963e+00;1.0013358022e+00;1.0018325750e+00;1.0020275553e+00;1.0019914721e+00;1.0019001169e+00;1.0022830182e+00;1.0018138734e+00;1.0015022342e+00;1.0019129551e+00;1.0017924536e+00;1.0018690771e+00;1.0020606249e+00;1.0025885488e+00;1.0028269312e+00;1.0024581414e+00;1.0022553830e+00
5.7344000000e-03;1.0018504565e+00;1.0012343516e+00;1.0015828778e+00;1.0014835845e+00;1.0013595128e+00;1.0017828742e+00;1.0020787235e+00;1.0016487398e+00;1.0017999893e+00;1.0021357780e+00;1.0017487022e+00;1.0014188941e+00;1.0015753967e+00;1.0018395570e+00;1.0019478165e+00;1.0017593525e+00;1.0025693053e+00;1.0028549957e+00;1.0023083537e+00;1.0019538262e+00
6.1440000000e-03;1.0018161523e+00;1.0011294325e+00;1.0014025361e+00;1.0014466175e+00;1.0010824165e+00;1.0016021922e+00;1.0019460890e+00;1.0016257179e+00;1.0017496607e+00;1.0020947144e+00;1.0018237847e+00;1.0013877278e+00;1.0014231036e+00;1.0018398638e+00;1.0017856471e+00;1.0016725552e+00;1.0020245271e+00;1.0028674752e+00;1.0022527411e+00;1.0016400221e+00
6.5536000000e-03;1.0017691907e+00;1.0010748270e+00;1.0011919094e+00;1.0012862604e+00;1.0012050105e+00;1.0015427795e+00;1.0017101841e+00;1.0016065710e+00;1.0015146101e+00;1.0021115544e+00;1.0015419804e+00;1.0013248969e+00;1.0012822654e+00;1.0017278103e+00;1.0014069788e+00;1.0019775195e+00;1.0017063334e+00;1.0028278731e+00;1.0020313472e+00;1.0016905013e+00
7.3728000000e-03;1.0015086520e+00;1.0009800064e+00;1.0009016560e+00;1.0011835358e+00;1.0008539755e+00;1.0014176358e+00;1.0014685763e+00;1.0015806929e+00;1.0012400143e+00;1.0019202618e+00;1.0015810050e+00;1.0012756473e+00;1.0009336883e+00;1.0013678366e+00;1.0013858366e+00;1.0016911824e+00;1.0016160645e+00;1.0023860002e+00;1.0015154835e+00;1.0014687141e+00
8.1920000000e-03;1.0013233409e+00;1.0010573315e+00;1.0008154835e+00;1.0013003181e+00;1.0007099701e+00;1.0014500469e+00;1.0013494861e+00;1.0013177645e+00;1.0012686140e+00;1.0016799183e+00;1.0013762198e+00;1.0012095741e+00;1.0006881824e+00;1.0011166765e+00;1.0013068028e+00;1.0014230749e+00;1.0012460072e+00;1.0022098117e+00;1.0014852719e+00;1.0013131757e+00
9.0112000000e-03;1.0012262953e+00;1.0010009570e+00;1.0007664677e+00;1.0011040436e+00;1.0006794354e+00;1.0011420657e+00;1.0012602407e+00;1.0010452331e+00;1.0012389281e+00;1.0014677065e+00;1.0013290953e+00;1.0009163819e+00;1.0006412514e+00;1.0010101044e+00;1.0012689243e+00;1.0011965456e+00;1.0011313298e+00;1.0020010787e+00;1.0012432925e+00;1.0013972206e+00
9.8304000000e-03;1.0009608962e+00;1.0008807211e+00;1.0006786677e+00;1.0009951902e+00;1.0008417500e+00;1.0011057497e+00;1.0011383313e+00;1.0008853628e+00;1.0010116675e+00;1.0014653514e+00;1.0012550918e+00;1.0009416404e+00;1.0008239017e+00;1.0007674829e+00;1.0011401652e+00;1.0009931932e+00;1.0010003677e+00;1.0017707832e+00;1.0012751321e+00;1.0014954344e+00
1.0649600000e-02;1.0009966674e+00;1.0008431611e+00;1.0005659361e+00;1.0010595085e+00;1.0009023877e+00;1.0009220448e+00;1.0009628854e+00;1.0009784826e+00;1.0010594984e+00;1.0012801958e+00;1.0013179738e+00;1.0008168498e+00;1.0007527391e+00;1.0003876304e+00;1.0008538972e+00;1.0009161442e+00;1.0010152485e+00;1.0016343797e+00;1.0013732021e+00;1.0007089913e+00
1.1468800000e-02;1.0009251001e+00;1.0004974523e+00;1.0005304774e+00;1.0009478379e+00;1.0007902264e+00;1.0009541127e+00;1.0010062579e+00;1.0006341674e+00;1.0009687113e+00;1.0011315306e+00;1.0012410301e+00;1.0008975692e+00;1.0006572283e+00;1.0005529725e+00;1.0007773217e+00;1.0008801983e+00;1.0012517882e+00;1.0017354846e+00;1.0013224749e+00;1.0006807783e+00
1.2288000000e-02;1.0009296984e+00;1.0006456787e+00;1.0005430632e+00;1.0011378568e+00;1.0008215865e+00;1.0009299032e+00;1.0008426538e+00;1.0004052403e+00;1.0008942225e+00;1.0010187899e+00;1.0014952441e+00;1.0006335361e+00;1.0005639258e+00;1.0005495189e+00;1.0009085254e+00;1.0008367587e+00;1.0011117244e+00;1.0017380345e+00;1.0008020093e+00;1.0008088206e+00
1.3107200000e-02;1.0007797812e+00;1.0007757672e+00;1.0006127521e+00;1.0009563665e+00;1.0008803302e+00;1.0010447731e+00;1.0007806070e+00;1.0005396086e+00;1.0007974199e+00;1.0008858382e+00;1.0012116347e+00;1.0006769251e+00;1.0005207442e+00;1.0002681862e+00;1.0005845420e+00;1.0007850353e+00;1.0011247867e+00;1.0014805540e+00;1.0007413509e+00;1.0008335606e+00
1.4745600000e-02;1.0009435445e+00;1.0006042980e+00;1.0008855430e+00;1.0006502853e+00;1.0008486336e+00;1.0005962603e+00;1.0007811676e+00;1.0004069401e+00;1.0006216922e+00;1.0007535590e+00;1.0010174698e+00;1.0004850343e+00;1.0002099265e+00;1.0004217537e+00;1.0003049240e+00;1.0006119509e+00;1.0012543331e+00;1.0012373442e+00;1.0008262299e+00;1.0004533193e+00
1.6384000000e-02;1.0009536437e+00;1.0006599112e+00;1.0007273086e+00;1.0006281162e+00;1.0005860917e+00;1.0003704939e+00;1.0006907371e+00;1.0004640511e+00;1.0005475243e+00;1.0008989620e+00;1.0010569756e+00;1.0007088892e+00;1.0002935370e+00;1.0002198830e+00;1.0001387577e+00;1.0006552015e+00;1.0003655142e+00;1.0009338748e+00;1.0005657689e+00;1.0005346644e+00
1.8022400000e-02;1.0010917318e+00;1.0005228235e+00;1.0003002784e+00;1.0005091448e+00;1.0003151087e+00;1.0005480050e+00;1.0005579750e+00;1.0002016375e+00;1.0006013049e+00;1.0008220883e+00;1.0007525893e+00;1.0005322312e+00;1.0004263603e+00;1.0002971163e+00;1.0001836678e+00;1.0006013985e+00;1.0004458165e+00;1.0010945641e+00;1.0005232873e+00;1.0004621839e+00
1.9660800000e-02;1.0009021350e+00;1.0002488427e+00;1.0002998479e+00;1.0005745062e+00;1.0004460603e+00;1.0006646038e+00;1.0005877057e+00;1.0000956145e+00;1.0002767152e+00;1.0005732320e+00;1.0007865729e+00;1.0004915006e+00;1.0005536445e+00;1.0004104264e+00;9.9982203814e-01;1.0004910066e+00;1.0003981389e+00;1.0009388293e+00;1.0002802261e+00;1.0003901346e+00
2.1299200000e-02;1.0007428136e+00;1.0004668711e+00;1.0002545039e+00;1.0004858614e+00;1.0002225148e+00;1.0004314060e+00;1.0004114476e+00;1.0001071379e+00;1.0002777438e+00;1.0006476783e+00;1.0006268626e+00;1.0006929567e+00;1.0001524246e+00;1.0005055661e+00;1.0000281429e+00;1.0004885370e+00;1.0006274134e+00;1.0005889944e+00;1.0001810300e+00;1.0003300317e+00
2.2937600000e-02;1.0007290932e+00;1.0001631549e+00;1.0002252918e+00;1.0004410952e+00;1.0003364086e+00;1.0002717083e+00;1.0002535189e+00;1.0000963885e+00;1.0002421964e+00;1.0005692379e+00;1.0008417183e+00;1.0004435083e+00;1.0001814482e+00;9.9995096456e-01;9.9981777671e-01;1.0003300969e+00;1.0007855054e+00;1.0002929412e+00;1.0001937981e+00;1.0005309281e+00
2.4576000000e-02;1.0004569662e+00;9.9988116956e-01;1.0000742782e+00;1.0003299972e+00;1.0004758447e+00;1.0002005366e+00;1.0004289497e+00;1.0000126927e+00;1.0005140821e+00;1.0007093800e+00;1.0005619387e+00;1.0004004144e+00;1.0000995824e+00;1.0001272493e+00;9.9989820496e-01;1.0001507465e+00;1.0004578681e+00;1.0006940851e+00;1.0002769413e+00;1.0004465214e+00
2.6214400000e-02;1.0003357428e+00;9.9997434253e-01;1.0000600870e+00;1.0005791988e+00;1.0004327887e+00;1.0001742891e+00;1.0001760816e+00;1.0000030101e+00;1.0003685335e+00;1.0006276472e+00;1.0003811793e+00;1.0004329891e+00;1.0004818250e+00;1.0002828610e+00;1.0002107099e+00;9.9987580799e-01;1.0002487756e+00;1.0007855080e+00;1.0003627407e+00;1.0008469585e+00
2.9491200000e-02;1.0003192528e+00;1.0003256530e+00;1.0000287284e+00;1.0002663469e+00;1.0004732469e+00;1.0002624592e+00;1.0005860946e+00;1.0001003916e+00;1.0000384181e+00;1.0004433064e+00;1.0004274899e+00;1.0005606816e+00;1.0003398783e+00;1.0003882797e+00;1.0000989733e+00;1.0000515480e+00;1.0000916015e+00;1.0004688057e+00;1.0003623301e+00;1.0005141515e+00
3.2768000000e-02;1.0006258180e+00;1.0000682713e+00;1.0000918197e+00;1.0001392838e+00;1.0002690503e+00;1.0001190824e+00;1.0003321236e+00;1.0003433993e+00;1.0003024029e+00;1.0003493856e+00;1.0004978044e+00;1.0005751819e+00;1.0002414508e+00;1.0003921345e+00;1.0001285119e+00;1.0000490736e+00;1.0003086192e+00;1.0002307646e+00;1.0004623937e+00;1.0000610223e+00
3.6044800000e-02;1.0004838487e+00;1.0000936989e+00;1.0003478842e+00;1.0004072997e+00;1.0003466552e+00;1.0001617547e+00;1.0002921615e+00;1.0001494189e+00;1.0003099156e+00;1.0002832043e+00;1.0002472639e+00;1.0001339354e+00;1.0001128016e+00;1.0002475236e+00;1.0002827483e+00;1.0000652957e+00;1.0004457411e+00;1.0000512401e+00;1.0003135374e+00;9.9999370674e-01
3.9321600000e-02;1.0002927483e+00;1.0000324610e+00;1.0001272208e+00;1.0001996337e+00;1.0002796408e+00;1.0000560536e+00;1.0002868675e+00;1.0001919111e+00;1.0002752656e+00;1.0004640753e+00;1.0005132729e+00;1.0000964841e+00;9.9995331602e-01;1.0002022942e+00;9.9995884424e-01;1.0000514495e+00;1.0004710907e+00;1.0000503371e+00;1.0001772772e+00;1.0004465712e+00
4.2598400000e-02;1.0003747297e+00;9.9993175292e-01;9.9999260479e-01;9.9992549706e-01;1.0000968167e+00;1.0002459654e+00;1.0004391924e+00;1.0001107410e+00;1.0002140786e+00;1.0005998483e+00;1.0004478666e+00;1.0001915313e+00;9.9989357305e-01;1.0003349389e+00;1.0002178701e+00;1.0004405618e+00;1.0001690375e+00;9.9987274776e-01;1.0000053621e+00;9.9995626601e-01
4.5875200000e-02;1.0004617172e+00;1.0000870323e+00;1.0000126217e+00;1.0002217597e+00;1.0001337806e+00;1.0003906718e+00;1.0003705827e+00;1.0002341540e+00;9.9978431947e-01;1.0002935496e+00;1.0000979236e+00;1.0004561435e+00;1.0000009453e+00;1.0002174339e+00;1.0002320789e+00;1.0001319734e+00;1.0000812242e+00;9.9981440568e-01;1.0001673384e+00;9.9987776138e-01
4.9152000000e-02;1.0002142920e+00;1.0000483736e+00;1.0000036301e+00;1.0000120543e+00;1.0003448744e+00;9.9990519887e-01;1.0002459301e+00;1.0001422202e+00;1.0000390160e+00;1.0000908750e+00;1.0000997125e+00;1.0002658591e+00;1.0002034508e+00;1.0000803214e+00;1.0000215643e+00;1.0001710578e+00;1.0004688529e+00;1.0001832933e+00;1.0000886331e+00;9.9984165606e-01
5.2428800000e-02;1.0004664990e+00;1.0000469903e+00;1.0001440763e+00;9.9992509317e-01;1.0004801096e+00;9.9983167248e-01;1.0000741716e+00;1.0002081463e+00;9.9982648650e-01;1.0002818710e+00;1.0003416370e+00;1.0002659475e+00;9.9992664370e-01;1.0001270215e+00;1.0000586823e+00;1.0004139729e+00;1.0001655935e+00;1.0002786395e+00;9.9989457504e-01;9.9994029193e-01
5.8982400000e-02;1.0004355505e+00;1.0001648900e+00;1.0002100259e+00;1.0001408442e+00;1.0001491296e+00;1.0001016777e+00;1.0002161726e+00;9.9986753026e-01;9.9997979768e-01;1.0002286835e+00;1.0002537902e+00;9.9994403663e-01;1.0000594253e+00;1.0001046502e+00;9.9986237048e-01;1.0002184636e+00;1.0001801171e+00;1.0004065521e+00;9.9977750085e-01;9.9974572818e-01
6.5536000000e-02;1.0004057116e+00;1.0003941361e+00;1.0000686686e+00;1.0002319108e+00;1.0002331624e+00;9.9990041390e-01;1.0002550182e+00;9.9985097440e-01;9.9992501177e-01;1.0000598816e+00;1.0003337331e+00;9.9982332856e-01;1.0002716877e+00;1.0001468801e+00;1.0000158320e+00;1.0002344685e+00;1.0001729628e+00;1.0002817640e+00;9.9984731826e-01;9.9984502938e-01
7.2089600000e-02;1.0002864824e+00;1.0003810071e+00;1.0001446605e+00;1.0001327117e+00;1.0003561842e+00;9.9991578836e-01;1.0001356596e+00;1.0000178489e+00;9.9993349469e-01;9.9994237089e-01;1.0000463089e+00;1.0000484193e+00;1.0000532378e+00;1.0001015628e+00;1.0001514538e+00;1.0003539110e+00;9.9989006220e-01;1.0002802921e+00;9.9979671913e-01;9.9995979175e-01
7.8643200000e-02;1.0005671981e+00;1.0005318677e+00;1.0001513136e+00;1.0000216508e+00;1.0002317749e+00;1.0000517784e+00;1.0002508678e+00;1.0000536813e+00;9.9992306932e-01;9.9998720707e-01;9.9989903018e-01;1.0004179450e+00;1.0001357363e+00;1.0001348403e+00;9.9991405215e-01;1.0001193145e+00;1.0001681375e+00;9.9997397711e-01;9.9993888985e-01;9.9985249142e-01
8.5196800000e-02;1.0005471029e+00;1.0003007240e+00;1.0000911565e+00;9.9987059638e-01;1.0001679425e+00;9.9987031832e-01;1.0003002235e+00;1.0001358789e+00;9.9981878016e-01;1.0001731987e+00;1.0000659883e+00;1.0000186110e+00;9.9995612205e-01;9.9975627303e-01;1.0001023435e+00;1.0000960120e+00;1.0002502582e+00;9.9984650485e-01;9.9986977559e-01;9.9997790624e-01
9.1750400000e-02;1.0006730792e+00;1.0002071864e+00;1.0001308531e+00;9.9996566125e-01;1.0004112561e+00;1.0000162464e+00;1.0002463581e+00;1.0002802934e+00;9.9998830622e-01;1.0003376512e+00;9.9986692157e-01;1.0002293852e+00;1.0002740273e+00;9.9999694278e-01;1.0001356209e+00;1.0001770584e+00;1.0000022554e+00;9.9971360948e-01;1.0000393517e+00;1.0000020194e+00
9.8304000000e-02;1.0003838646e+00;1.0001080935e+00;1.0000797463e+00;1.0001176632e+00;1.0003437979e+00;9.9997938980e-01;1.0000983089e+00;9.9993245841e-01;1.0001923982e+00;1.0004225933e+00;9.9987328958e-01;1.0001382234e+00;1.0000206025e+00;9.9986641824e-01;1.0003929833e+00;1.0002513540e+00;1.0001235791e+00;1.0000926944e+00;9.9994096671e-01;9.9983810998e-01
1.0485760000e-01;1.0000829467e+00;9.9982844589e-01;1.0001370682e+00;1.0002706414e+00;1.0002504628e+00;1.0001079777e+00;1.0004449073e+00;1.0000504547e+00;1.0001747224e+00;9.9999674499e-01;9.9979346179e-01;9.9996603059e-01;1.0001130388e+00;1.0000662254e+00;9.9989205964e-01;1.0003082689e+00;1.0000810641e+00;1.0000026947e+00;1.0001436798e+00;9.9959599132e-01
1.1796480000e-01;1.0000947710e+00;1.0000928196e+00;9.9992558138e-01;1.0002089486e+00;1.0002471537e+00;1.0000055651e+00;1.0003414771e+00;1.0001530348e+00;9.9998734049e-01;1.0000571547e+00;9.9979834609e-01;9.9988759527e-01;9.9980407932e-01;1.0000134909e+00;1.0000014683e+00;1.0002739522e+00;1.0001282750e+00;9.9995821577e-01;9.9993275877e-01;1.0001469547e+00
1.3107200000e-01;1.0001936292e+00;1.0002391737e+00;1.0000794905e+00;1.0000029776e+00;9.9999552198e-01;9.9987155316e-01;1.0002606704e+00;1.0000271018e+00;1.0003001950e+00;1.0002010501e+00;9.9990155347e-01;1.0000952770e+00;1.0000381983e+00;9.9993493189e-01;1.0000388836e+00;1.0001081538e+00;9.9990459843e-01;1.0000409506e+00;9.9986824103e-01;9.9999891991e-01
1.4417920000e-01;1.0002340125e+00;1.0003017267e+00;1.0000831167e+00;1.0000765505e+00;1.0000624271e+00;1.0000048507e+00;1.0002060100e+00;1.0000105983e+00;1.0001214634e+00;1.0000356992e+00;9.9999371216e-01;1.0002354007e+00;1.0001775139e+00;9.9997554963e-01;1.0000638406e+00;1.0005265699e+00;1.0000158716e+00;1.0001515274e+00;9.9988312688e-01;9.9991790915e-01
1.5728640000e-01;1.0000814071e+00;1.0003187401e+00;9.9999639713e-01;9.9995979099e-01;1.0001035824e+00;1.0001264067e+00;1.0002384034e+00;1.0001630780e+00;1.0003085731e+00;1.0002776437e+00;1.0000894424e+00;1.0002625842e+00;9.9991701092e-01;9.9990822118e-01;1.0000274736e+00;1.0003521737e+00;9.9962877254e-01;1.0000343342e+00;9.9969686082e-01;1.0000507040e+00
1.7039360000e-01;1.0003069231e+00;1.0002221288e+00;1.0000145610e+00;1.0003151306e+00;1.0001677049e+00;1.0002960093e+00;1.0001638098e+00;1.0001393261e+00;9.9992802892e-01;1.0000873259e+00;9.9992370141e-01;9.9999870322e-01;9.9988180942e-01;1.0001635887e+00;1.0000270039e+00;1.0002182669e+00;9.9984355664e-01;9.9982199518e-01;1.0000455577e+00;9.9988448370e-01
1.8350080000e-01;1.0001752835e+00;1.0000878633e+00;1.0000232871e+00;1.0001250416e+00;1.0002323589e+00;1.0000700633e+00;9.9998296342e-01;1.0001762106e+00;9.9997636878e-01;1.0001673399e+00;9.9994655537e-01;9.9980183559e-01;9.9989869764e-01;9.9995735642e-01;1.0000293919e+00;1.0001664589e+00;9.9985156411e-01;9.9995370717e-01;1.0001096399e+00;9.9998974716e-01
1.9660800000e-01;1.0001001511e+00;1.0003634598e+00;1.0000120728e+00;1.0000481452e+00;1.0001323759e+00;9.9990271328e-01;1.0002881377e+00;1.0000820728e+00;9.9996909930e-01;1.0000111441e+00;9.9997308170e-01;1.0000418131e+00;9.9991728193e-01;1.0000881632e+00;1.0004208207e+00;1.0001827247e+00;9.9986113031e-01;1.0001433745e+00;1.0002009118e+00;9.9979129718e-01
2.0971520000e-01;1.0000603021e+00;1.0003391059e+00;9.9991586111e-01;1.0000097381e+00;1.0000849712e+00;1.0001024605e+00;1.0002959570e+00;1.0000071882e+00;9.9989045845e-01;1.0001438769e+00;9.9996104434e-01;9.9991422826e-01;9.9987024137e-01;9.9993944578e-01;1.0001093722e+00;1.0001859476e+00;9.9996113916e-01;1.0000450501e+00;1.0001385594e+00;9.9980414439e-01
2.3592960000e-01;1.0003043287e+00;1.0000738628e+00;9.9997749464e-01;1.0000914969e+00;9.9995834405e-01;9.9998760864e-01;1.0002336010e+00;1.0000527193e+00;1.0001631127e+00;9.9991307184e-01;1.0001249611e+00;9.9994017884e-01;9.9988671928e-01;1.0000853557e+00;1.0000344082e+00;1.0002188292e+00;1.0001003043e+00;1.0000323507e+00;9.9990592450e-01;9.9993455516e-01
2.6214400000e-01;1.0003294937e+00;1.0001939494e+00;9.9989342589e-01;1.0000206738e+00;1.0000036965e+00;1.0001124282e+00;1.0000603058e+00;1.0001435726e+00;9.9995674224e-01;1.0001290115e+00;9.9988627397e-01;1.0000152358e+00;1.0000585556e+00;1.0001841871e+00;1.0002573498e+00;1.0000676180e+00;1.0001265818e+00;9.9979743277e-01;9.9999574712e-01;1.0002775619e+00
2.8835840000e-01;1.0002907323e+00;1.0001135197e+00;9.9990904724e-01;9.9990437622e-01;1.0000004262e+00;9.9998529098e-01;1.0001932282e+00;1.0000252636e+00;9.9993933240e-01;9.9997824978e-01;1.0001093273e+00;9.9993343982e-01;1.0001077768e+00;1.0000078317e+00;1.0000548072e+00;9.9994181044e-01;1.0002929132e+00;1.0001412909e+00;9.9996867607e-01;1.0001191773e+00
3.1457280000e-01;1.0002434222e+00;1.0001057253e+00;1.0001422457e+00;9.9999005096e-01;1.0001044917e+00;1.0000269378e+00;1.0000765954e+00;1.0001349310e+00;9.9973155150e-01;9.9987128852e-01;1.0000797355e+00;9.9989149205e-01;9.9983602400e-01;9.9985320461e-01;9.9976759349e-01;9.9994417106e-01;1.0001238790e+00;1.0002179313e+00;9.9987374349e-01;1.0000445513e+00
3.4078720000e-01;1.0002496295e+00;9.9994477699e-01;1.0000543292e+00;9.9997964520e-01;1.0000483884e+00;1.0000446548e+00;9.9992715028e-01;1.0000911924e+00;1.0000255238e+00;9.9988083900e-01;9.9995788997e-01;1.0001566561e+00;1.0000010518e+00;1.0002383752e+00;9.9992010871e-01;1.0002203812e+00;9.9997066869e-01;9.9993728446e-01;1.0000726525e+00;1.0000320195e+00
3.6700160000e-01;1.0002793054e+00;9.9997047669e-01;9.9994603667e-01;1.0000392453e+00;1.0000732581e+00;1.0000736345e+00;1.0000469903e+00;9.9996114722e-01;1.0001368899e+00;1.0000056907e+00;1.0001132934e+00;1.0000771647e+00;1.0001165052e+00;9.9995886996e-01;1.0000085035e+00;1.0004046688e+00;9.9998455551e-01;9.9991847119e-01;1.0001732087e+00;9.9999567774e-01
3.9321600000e-01;1.0001801598e+00;1.0000309317e+00;9.9996677700e-01;9.9984707500e-01;1.0001483999e+00;1.0002260183e+00;1.0000159012e+00;1.0000315554e+00;1.0000623809e+00;1.0000416484e+00;9.9990883281e-01;9.9983671221e-01;1.0001122476e+00;9.9993749056e-01;9.9996774741e-01;1.0001697015e+00;9.9985855481e-01;9.9987643857e-01;1.0000988274e+00;9.9983882673e-01
4.1943040000e-01;1.0001494398e+00;1.0000363465e+00;9.9981367681e-01;9.9983413035e-01;1.0001009535e+00;1.0003837846e+00;1.0000170185e+00;9.9996320168e-01;1.0001118545e+00;9.9986363248e-01;9.9995375982e-01;1.0002708917e+00;9.9999686725e-01;1.0000404502e+00;1.0000226501e+00;1.0002079545e+00;1.0001182503e+00;9.9989629551e-01;1.0002249586e+00;9.9983872651e-01
4.7185920000e-01;1.0002059442e+00;1.0000679714e+00;9.9992010581e-01;9.9999012087e-01;9.9997423365e-01;1.0000001257e+00;1.0001763320e+00;1.0000748844e+00;1.0001073063e+00;1.0000366241e+00;1.0001089945e+00;1.0000066189e+00;1.0000111320e+00;9.9994340507e-01;1.0000940556e+00;1.0001246668e+00;1.0000205993e+00;9.9986125515e-01;1.0000833265e+00;9.9982228289e-01
5.2428800000e-01;1.0001923464e+00;1.0000883852e+00;1.0000404794e+00;1.0000272217e+00;1.0000030636e+00;1.0000456498e+00;1.0000443643e+00;1.0002245141e+00;1.0002676024e+00;1.0000798992e+00;1.0000299540e+00;1.0000099258e+00;1.0001966528e+00;9.9983589817e-01;9.9988883221e-01;1.0001947038e+00;1.0000292350e+00;1.0000836055e+00;9.9987338344e-01;9.9991868729e-01
5.7671680000e-01;1.0001703768e+00;1.0000066475e+00;1.0000477335e+00;9.9999441437e-01;1.0001003369e+00;9.9989693724e-01;1.0001433424e+00;1.0001874140e+00;1.0000808343e+00;9.9993452956e-01;1.0000081549e+00;1.0001114291e+00;9.9989320002e-01;9.9987364441e-01;9.9995257072e-01;1.0003311313e+00;1.0001073466e+00;1.0001588434e+00;1.0001186162e+00;1.0000300271e+00
6.2914560000e-01;1.0001511741e+00;1.0000065524e+00;1.0000720342e+00;9.9989859653e-01;1.0000294457e+00;9.9999472078e-01;1.0000814026e+00;1.0001146353e+00;1.0000565634e+00;1.0001182535e+00;1.0000907307e+00;1.0000946317e+00;9.9988507416e-01;9.9998789298e-01;9.9988147679e-01;1.0001679618e+00;1.0000208977e+00;1.0000872721e+00;1.0000183727e+00;9.9995207120e-01
6.8157440000e-01;1.0001698159e+00;1.0001367455e+00;1.0000638537e+00;9.9999112504e-01;1.0001952888e+00;9.9999044250e-01;1.0000534942e+00;1.0001058551e+00;1.0000739277e+00;1.0001116074e+00;9.9998304040e-01;1.0000163568e+00;9.9990904006e-01;9.9996994537e-01;1.0000141197e+00;1.0001482791e+00;1.0000449079e+00;9.9982296231e-01;1.0000374603e+00;1.0001074153e+00
7.3400320000e-01;1.0002287479e+00;9.9993315246e-01;9.9990629741e-01;1.0000133167e+00;1.0001736439e+00;1.0000341040e+00;1.0001619926e+00;1.0000848850e+00;9.9997536418e-01;1.0000359057e+00;9.9992142956e-01;9.9997343240e-01;9.9994854268e-01;1.0001176200e+00;9.9999805116e-01;1.0001856755e+00;9.9998444368e-01;9.9979493593e-01;9.9981543431e-01;9.9992189535e-01
7.8643200000e-01;1.0001504996e+00;1.0000687110e+00;1.0000682020e+00;9.9984052560e-01;1.0001425549e+00;1.0001023003e+00;1.0001586492e+00;1.0001632458e+00;9.9992687488e-01;1.0000079071e+00;9.9997257412e-01;1.0000848405e+00;1.0001321489e+00;1.0000158439e+00;1.0000440918e+00;1.0001865587e+00;1.0002344875e+00;9.9987677618e-01;9.9999090192e-01;9.9990192735e-01
8.3886080000e-01;1.0000925791e+00;1.0000016708e+00;1.0001920155e+00;9.9995488016e-01;1.0000605472e+00;1.0000172707e+00;1.0000034860e+00;1.0000661079e+00;1.0000767987e+00;1.0001800600e+00;1.0000159071e+00;1.0001243678e+00;9.9997409411e-01;9.9998529352e-01;1.0001694324e+00;1.0000438645e+00;9.9996002857e-01;9.9982614740e-01;9.9971681382e-01;1.0000001095e+00
9.4371840000e-01;9.9996924288e-01;1.0000365965e+00;1.0000532875e+00;1.0000561620e+00;1.0000719454e+00;1.0001684508e+00;1.0000355529e+00;1.0000765193e+00;1.0000644376e+00;1.0000314115e+00;9.9994419407e-01;9.9999886045e-01;1.0000222995e+00;1.0000430360e+00;1.0001038391e+00;1.0001804833e+00;1.0000360549e+00;9.9998459700e-01;9.9995377183e-01;9.9995677857e-01
1.0485760000e+00;1.0001045197e+00;1.0000697435e+00;9.9990952561e-01;1.0001068232e+00;1.0001257533e+00;1.0000268207e+00;1.0000856721e+00;1.0000240970e+00;1.0001960939e+00;9.9992068666e-01;1.0000048852e+00;9.9990914491e-01;9.9995902547e-01;1.0000859891e+00;1.0000565116e+00;1.0001608981e+00;1.0000543334e+00;1.0000142477e+00;9.9988207089e-01;9.9994879265e-01
1.1534336000e+00;1.0000504175e+00;1.0000603722e+00;9.9998914089e-01;1.0000908336e+00;1.0000440604e+00;1.0001629765e+00;1.0001261482e+00;1.0000325801e+00;9.9992991323e-01;9.9998092708e-01;1.0000732686e+00;1.0000238664e+00;9.9998830185e-01;1.0000326408e+00;1.0000604935e+00;1.0001441227e+00;1.0001210192e+00;1.0000175028e+00;1.0000416382e+00;1.0000820937e+00
1.2582912000e+00;1.0000341843e+00;1.0000555530e+00;9.9988971379e-01;9.9999457100e-01;1.0000382288e+00;1.0000885572e+00;9.9999171153e-01;1.0000169730e+00;1.0000969972e+00;1.0000418293e+00;9.9986605227e-01;1.0000017051e+00;1.0001773060e+00;1.0000412257e+00;1.0000248943e+00;1.0002564679e+00;1.0000090769e+00;1.0001695923e+00;9.9987810474e-01;1.0000223100e+00
1.3631488000e+00;1.0000831208e+00;1.0000593046e+00;9.9994722281e-01;1.0000410474e+00;1.0001081162e+00;1.0001165351e+00;1.0000307785e+00;9.9999746948e-01;9.9992705860e-01;1.0001149161e+00;9.9995553289e-01;9.9995942457e-01;1.0000086057e+00;1.0000791844e+00;9.9995175366e-01;1.0000927816e+00;1.0000483452e+00;9.9998701719e-01;9.9998955139e-01;1.0000265350e+00
1.4680064000e+00;1.0001175372e+00;1.0000208725e+00;9.9996813366e-01;1.0000027896e+00;1.0000850699e+00;1.0000573733e+00;1.0000538661e+00;1.0000672475e+00;1.0001343236e+00;1.0000429435e+00;1.0000467844e+00;1.0001581139e+00;1.0000194541e+00;1.0000228444e+00;9.9995823212e-01;1.0001677947e+00;1.0001287703e+00;1.0001062949e+00;9.9982914576e-01;1.0001252445e+00
1.5728640000e+00;9.9997158313e-01;1.0000423248e+00;1.0001251978e+00;1.0000812678e+00;1.0001260834e+00;1.0001017875e+00;1.0001425548e+00;1.0000351669e+00;1.0000549030e+00;1.0001170070e+00;9.9988411540e-01;1.0001234396e+00;9.9998025571e-01;1.0000543306e+00;9.9999158179e-01;1.0002719106e+00;1.0000030410e+00;9.9994575330e-01;1.0001042230e+00;1.0000460306e+00
1.6777216000e+00;1.0000486169e+00;1.0000085531e+00;1.0000481028e+00;1.0000918485e+00;1.0001171078e+00;9.9998806878e-01;1.0000637155e+00;1.0000513288e+00;1.0000883886e+00;9.9997952623e-01;1.0000332404e+00;1.0000360981e+00;1.0000220443e+00;9.9989930766e-01;9.9993896120e-01;1.0001525033e+00;1.0000707947e+00;1.0000169652e+00;9.9987199323e-01;1.0000053324e+00
1.8874368000e+00;1.0001445410e+00;9.9987756349e-01;9.9997343235e-01;9.9998404256e-01;1.0000212676e+00;1.0000506048e+00;1.0000138546e+00;1.0000040690e+00;9.9998121665e-01;9.9999886785e-01;9.9998001881e-01;1.0000338897e+00;9.9995412059e-01;1.0000546638e+00;1.0000797018e+00;1.0001073344e+00;9.9999744399e-01;1.0001804906e+00;1.0000163182e+00;1.0000249195e+00
2.0971520000e+00;1.0001656150e+00;9.9990795382e-01;9.9997234948e-01;1.0000417012e+00;1.0000583545e+00;1.0000505556e+00;9.9999636407e-01;1.0000590707e+00;1.0000443674e+00;9.9995175628e-01;9.9998151013e-01;1.0000301454e+00;1.0000161869e+00;1.0000057726e+00;1.0000604519e+00;1.0001865272e+00;1.0000127021e+00;9.9994012410e-01;1.0000326751e+00;1.0000269413e+00
2.3068672000e+00;1.0000817471e+00;9.9998822919e-01;1.0000372312e+00;1.0000645598e+00;1.0000743832e+00;1.0000481631e+00;1.0000535126e+00;9.9995762238e-01;9.9998347573e-01;9.9991017118e-01;9.9999822870e-01;1.0000407929e+00;1.0000550086e+00;1.0001410572e+00;1.0000246588e+00;1.0001887579e+00;1.0000226877e+00;9.9999248861e-01;1.0000953232e+00;1.0000155482e+00
2.5165824000e+00;1.0001727448e+00;1.0000660233e+00;1.0000242068e+00;1.0001329602e+00;9.9999566483e-01;1.0000513815e+00;1.0000955742e+00;1.0000468271e+00;1.0000200724e+00;9.9995287453e-01;1.0000054475e+00;9.9999996488e-01;1.0000769420e+00;1.0000618912e+00;1.0000195850e+00;1.0001380980e+00;9.9996208402e-01;9.9993194479e-01;9.9995168244e-01;9.9988529899e-01
2.7262976000e+00;1.0001751980e+00;1.0000544375e+00;9.9989315900e-01;1.0000343983e+00;1.0000235705e+00;1.0000265433e+00;1.0000969682e+00;1.0000390262e+00;1.0000153164e+00;1.0000793098e+00;1.0000103744e+00;9.9996961556e-01;9.9995038193e-01;1.0000160081e+00;9.9994254561e-01;1.0001117222e+00;9.9983564297e-01;9.9992616799e-01;1.0000442048e+00;9.9989091061e-01
2.9360128000e+00;1.0001367016e+00;9.9997484350e-01;9.9997105998e-01;9.9992473901e-01;1.0000366515e+00;9.9998616399e-01;1.0000345180e+00;1.0000792329e+00;9.9995323555e-01;9.9998075422e-01;1.0000175741e+00;1.0001140954e+00;1.0000216588e+00;1.0000073953e+00;1.0000407853e+00;1.0001212807e+00;9.9993156698e-01;1.0000285694e+00;9.9995525936e-01;1.0000167089e+00
3.1457280000e+00;1.0000775582e+00;9.9994251926e-01;1.0000155780e+00;1.0000216943e+00;1.0000522814e+00;1.0000079030e+00;1.0000004812e+00;9.9999492583e-01;1.0000424937e+00;1.0001279113e+00;1.0000888576e+00;1.0000858962e+00;9.9996413192e-01;9.9993888170e-01;9.9997659960e-01;1.0000994735e+00;9.9999607135e-01;1.0001635374e+00;1.0000385551e+00;1.0000234979e+00
3.3554432000e+00;1.0001396688e+00;9.9988153115e-01;9.9999692308e-01;1.0000063468e+00;9.9999873970e-01;9.9999541115e-01;1.0000305909e+00;9.9997908637e-01;9.9996710692e-01;9.9999352622e-01;9.9999473095e-01;1.0000504001e+00;1.0000315495e+00;1.0000323531e+00;9.9997740328e-01;1.0000278751e+00;1.0000286686e+00;9.9989691965e-01;9.9992637537e-01;1.0001388709e+00
3.7748736000e+00;1.0000312828e+00;1.0000204289e+00;9.9998980139e-01;1.0000902880e+00;9.9996650777e-01;1.0000319994e+00;1.0001061465e+00;1.0000023559e+00;9.9999703574e-01;9.9993657249e-01;1.0000515634e+00;1.0000210257e+00;1.0000711111e+00;1.0000282204e+00;1.0000668190e+00;1.0001226006e+00;9.9992171587e-01;1.0000057845e+00;1.0000183205e+00;9.9998771311e-01
4.1943040000e+00;1.0000435166e+00;1.0000531426e+00;9.9997743782e-01;1.0000277846e+00;9.9996995943e-01;1.0000024559e+00;1.0001288889e+00;9.9998848725e-01;9.9999542825e-01;1.0000288577e+00;1.0000219980e+00;1.0000562367e+00;9.9998851262e-01;1.0000348161e+00;9.9998714381e-01;1.0001092859e+00;1.0000153937e+00;1.0000065325e+00;1.0000352859e+00;9.9994396376e-01
4.6137344000e+00;1.0001465858e+00;9.9996415005e-01;9.9998695627e-01;9.9998857161e-01;1.0000196108e+00;1.0000090598e+00;9.9999301613e-01;1.0000259391e+00;1.0000053168e+00;1.0000279008e+00;1.0000337429e+00;9.9999385463e-01;9.9992251249e-01;1.0000171540e+00;1.0000567455e+00;1.0001144672e+00;1.0000141154e+00;1.0000160357e+00;9.9997578579e-01;1.0000109703e+00
5.0331648000e+00;1.0001385099e+00;1.0000744924e+00;9.9998274967e-01;1.0000103001e+00;9.9996827833e-01;1.0000060219e+00;1.0000077215e+00;1.0000620059e+00;1.0000061699e+00;1.0000493052e+00;9.9993912899e-01;1.0000456847e+00;1.0000144567e+00;1.0000614323e+00;1.0000328637e+00;1.0000297753e+00;9.9993617207e-01;1.0000391853e+00;1.0000166700e+00;9.9995784542e-01
5.4525952000e+00;1.0001087439e+00;1.0000416473e+00;9.9999973238e-01;1.0000610479e+00;1.0000065344e+00;1.0000006395e+00;9.9996967200e-01;1.0000741990e+00;9.9997977984e-01;9.9987996108e-01;1.0000001945e+00;1.0000091668e+00;1.0000013855e+00;1.0000477765e+00;1.0000402092e+00;1.0000271684e+00;1.0000436058e+00;9.9994327865e-01;1.0000140933e+00;1.0000025073e+00
5.8720256000e+00;1.0000278965e+00;9.9998347875e-01;9.9998329362e-01;9.9996365793e-01;1.0000199549e+00;1.0000287086e+00;1.0000132230e+00;1.0000074393e+00;9.9999436462e-01;1.0001204570e+00;9.9993976726e-01;1.0000419261e+00;9.9992156352e-01;9.9998488247e-01;9.9997902479e-01;1.0000643990e+00;9.9997601080e-01;1.0000055977e+00;1.0000418649e+00;9.9990593928e-01
6.2914560000e+00;1.0000518937e+00;1.0000484358e+00;9.9997043855e-01;1.0000637986e+00;9.9997740281e-01;1.0000139488e+00;1.0000825271e+00;1.0000132706e+00;9.9998044786e-01;1.0001246750e+00;1.0000572121e+00;1.0000399052e+00;9.9999869804e-01;1.0000307555e+00;9.9996186880e-01;1.0000500939e+00;1.0000633888e+00;1.0000711213e+00;1.0000087961e+00;1.0000441973e+00
6.7108864000e+00;1.0000954103e+00;1.0001044828e+00;9.9998952530e-01;9.9997536951e-01;1.0000447819e+00;1.0000465008e+00;9.9997766031e-01;9.9996918851e-01;9.9996422447e-01;1.0000305383e+00;9.9996637596e-01;1.0000150117e+00;9.9997440158e-01;9.9998206064e-01;9.9995732272e-01;1.0000941518e+00;9.9995851040e-01;9.9995465860e-01;9.9996976736e-01;9.9996205064e-01
7.5497472000e+00;1.0000188549e+00;1.0000436503e+00;1.0000261286e+00;1.0000193848e+00;1.0000168692e+00;9.9999631477e-01;1.0000468870e+00;9.9997692697e-01;1.0000030786e+00;1.0000112934e+00;1.0000370250e+00;1.0000038455e+00;1.0000053204e+00;1.0000235901e+00;9.9998231623e-01;9.9995863158e-01;1.0000176883e+00;9.9999221609e-01;1.0000064708e+00;1.0000143409e+00
8.3886080000e+00;1.0000571421e+00;9.9995557379e-01;9.9999894036e-01;9.9998130474e-01;1.0000228467e+00;1.0000073276e+00;1.0000358402e+00;9.9999067847e-01;9.9998503282e-01;1.0000013160e+00;9.9997917044e-01;9.9998620568e-01;9.9996570977e-01;1.0000048384e+00;9.9997339379e-01;1.0000716365e+00;1.0000150388e+00;1.0000012189e+00;1.0000113402e+00;9.9998872954e-01
9.2274688000e+00;1.0000307044e+00;9.9997292848e-01;1.0000381941e+00;9.9999524252e-01;1.0000200045e+00;9.9999462825e-01;1.0000288893e+00;9.9997459138e-01;9.9997525412e-01;1.0000025617e+00;9.9997948856e-01;9.9994427319e-01;9.9996792090e-01;1.0000470323e+00;1.0000155822e+00;1.0000389192e+00;1.0000100310e+00;9.9996842100e-01;1.0000048423e+00;9.9998602675e-01
1.0066329600e+01;1.0000840319e+00;1.0000075029e+00;9.9999568221e-01;1.0000058206e+00;1.0000684633e+00;9.9992531228e-01;9.9998192716e-01;1.0000058072e+00;9.9997750086e-01;9.9989760643e-01;9.9999516562e-01;1.0000077031e+00;9.9997758508e-01;9.9994193204e-01;1.0000022952e+00;1.0000203382e+00;1.0000387366e+00;1.0000021657e+00;9.9994903155e-01;9.9997123399e-01
1.0905190400e+01;9.9999436975e-01;1.0000123726e+00;9.9998110036e-01;9.9998798622e-01;1.0000495113e+00;9.9995895866e-01;9.9998561875e-01;9.9997928638e-01;1.0000112699e+00;1.0000185213e+00;1.0000196893e+00;9.9996872712e-01;9.9996180750e-01;9.9998833560e-01;1.0000008150e+00;1.0000033979e+00;1.0000208709e+00;9.9998214758e-01;1.0000925871e+00;1.0000403242e+00
1.1744051200e+01;9.9993970237e-01;1.0000368755e+00;9.9997990274e-01;9.9999853721e-01;1.0000772750e+00;9.9996398671e-01;9.9992592677e-01;9.9998852352e-01;1.0000135206e+00;9.9997812794e-01;9.9997174827e-01;9.9996865614e-01;1.0000202787e+00;1.0000101708e+00;9.9995258310e-01;9.9994620176e-01;9.9998463866e-01;1.0000028963e+00;9.9996317357e-01;9.9999395620e-01
1.2582912000e+01;1.0000403311e+00;1.0000080134e+00;9.9994779667e-01;9.9998364672e-01;1.0000044652e+00;1.0000225931e+00;1.0000685485e+00;9.9998890472e-01;1.0000616175e+00;1.0000561996e+00;9.9995972262e-01;1.0000068527e+00;9.9997605528e-01;1.0000404202e+00;1.0000116332e+00;9.9992967585e-01;9.9999155437e-01;1.0000248923e+00;9.9998884451e-01;1.0000130422e+00
1.3421772800e+01;9.9990197911e-01;9.9997669759e-01;9.9999588553e-01;1.0000295509e+00;1.0000180373e+00;9.9997434492e-01;1.0000353133e+00;1.0000287617e+00;1.0000479203e+00;9.9995949883e-01;9.9999826879e-01;9.9996221108e-01;9.9998835787e-01;1.0000059724e+00;1.0000230404e+00;9.9993885192e-01;9.9996480238e-01;9.9998411930e-01;1.0000237731e+00;9.9996006343e-01
1.5099494400e+01;9.9993721188e-01;1.0000102552e+00;1.0000200461e+00;1.0000046963e+00;9.9990955312e-01;1.0000307659e+00;9.9999641979e-01;1.0000421549e+00;1.0000068588e+00;1.0000026830e+00;1.0000212990e+00;9.9995985659e-01;1.0000093456e+00;9.9996996018e-01;1.0000230851e+00;9.9990266522e-01;9.9994987932e-01;1.0000060177e+00;9.9997287789e-01;1.0000549594e+00
1.6777216000e+01;9.9987469151e-01;9.9991484638e-01;9.9998046318e-01;9.9998789355e-01;9.9989058604e-01;9.9997217109e-01;1.0000217667e+00;1.0000089154e+00;9.9999278276e-01;9.9992959234e-01;9.9998691170e-01;9.9996842566e-01;1.0000119473e+00;9.9998906652e-01;1.0000059329e+00;9.9983809691e-01;9.9998459004e-01;1.0000267622e+00;1.0000046403e+00;9.9997614549e-01
1.8454937600e+01;9.9974694073e-01;1.0000212856e+00;1.0000160263e+00;9.9996652111e-01;9.9991557863e-01;1.0000161571e+00;9.9985288317e-01;9.9994188828e-01;9.9997809354e-01;9.9996656254e-01;1.0000102810e+00;9.9996797452e-01;1.0000131632e+00;9.9998190871e-01;9.9998153297e-01;9.9979864311e-01;1.0000144332e+00;9.9998147747e-01;9.9998042261e-01;1.0000395129e+00
2.0132659200e+01;9.9976932043e-01;1.0000049375e+00;1.0000189484e+00;9.9995017808e-01;9.9992958674e-01;9.9999883258e-01;9.9995286581e-01;9.9997703662e-01;9.9989631319e-01;9.9997002772e-01;9.9993421224e-01;9.9994127461e-01;9.9998332385e-01;9.9997466724e-01;9.9994523049e-01;9.9981748592e-01;9.9999319797e-01;9.9996338091e-01;1.0000018154e+00;9.9994309613e-01
2.1810380800e+01;9.9988324191e-01;9.9992584672e-01;9.9998856421e-01;9.9989620151e-01;9.9996833693e-01;1.0000014197e+00;9.9986068238e-01;9.9996713558e-01;9.9989848155e-01;9.9988955906e-01;1.0000014039e+00;9.9995393073e-01;1.0000166675e+00;9.9989283961e-01;9.9993153726e-01;9.9986143456e-01;1.0000028213e+00;9.9995516152e-01;1.0000183755e+00;1.0000182325e+00
2.3488102400e+01;9.9975076448e-01;9.9985243068e-01;1.0000080862e+00;9.9988253766e-01;9.9996939391e-01;9.9991883825e-01;9.9991602661e-01;9.9974425813e-01;1.0000159497e+00;9.9997975183e-01;9.9989461148e-01;9.9993137748e-01;1.0000089219e+00;9.9985315184e-01;9.9992089503e-01;9.9989128099e-01;9.9995081258e-01;9.9995979972e-01;9.9992910908e-01;9.9997105860e-01
2.5165824000e+01;9.9981562954e-01;1.0000479052e+00;9.9996523640e-01;9.9991928118e-01;9.9985412440e-01;9.9984641174e-01;9.9969656799e-01;9.9986841602e-01;1.0000387335e+00;9.9989931387e-01;9.9997208965e-01;9.9996245458e-01;9.9998125868e-01;9.9995404053e-01;9.9994045219e-01;9.9985084508e-01;9.9986319927e-01;9.9994170403e-01;1.0000323970e+00;1.0000030756e+00
2.6843545600e+01;9.9966321013e-01;9.9989643407e-01;9.9997837155e-01;9.9990207108e-01;9.9985631241e-01;9.9980398119e-01;9.9950620982e-01;9.9985899863e-01;9.9982707006e-01;1.0000673682e+00;9.9990589888e-01;9.9995624204e-01;1.0000169233e+00;9.9983259062e-01;9.9996440906e-01;9.9961252253e-01;9.9993238996e-01;9.9992634801e-01;9.9991092612e-01;9.9998165373e-01
