;06_mNG_3_1_1_1;06_mNG_3_2_1_1;06_mNG_3_3_1_1;06_mNG_3_4_1_1;06_mNG_3_5_1_1;06_mNG_3_6_1_1;06_mNG_3_7_1_1;06_mNG_3_8_1_1;06_mNG_3_9_1_1;06_mNG_3_10_1_1;06_mNG_3_11_1_1;06_mNG_3_12_1_1;06_mNG_3_13_1_1;06_mNG_3_14_1_1;06_mNG_3_15_1_1;06_mNG_3_16_1_1;06_mNG_3_17_1_1;06_mNG_3_18_1_1;06_mNG_3_19_1_1;06_mNG_3_20_1_1
2.0000000000e-07;1.0158477483e+00;1.0126739065e+00;1.0202669379e+00;1.0237116532e+00;1.0301407061e+00;1.0346673773e+00;1.0372722663e+00;1.0375765354e+00;1.0366677852e+00;1.0391583609e+00;1.0433132784e+00;1.0464446583e+00;1.0456328609e+00;1.0383440409e+00;1.0442721740e+00;1.0456799397e+00;1.0466032282e+00;1.0479543451e+00;1.0496831663e+00;1.0465658412e+00
4.0000000000e-07;1.1143307550e+00;1.1120212932e+00;1.1156631628e+00;1.1256630068e+00;1.1237489036e+00;1.1317376990e+00;1.1324565750e+00;1.1364287700e+00;1.1397036087e+00;1.1400689717e+00;1.1395806374e+00;1.1459031512e+00;1.1454702399e+00;1.1420676042e+00;1.1476120027e+00;1.1498073774e+00;1.1499424042e+00;1.1493140099e+00;1.1492758325e+00;1.1473061233e+00
6.0000000000e-07;1.1147166408e+00;1.1138507656e+00;1.1176566821e+00;1.1230807087e+00;1.1241381090e+00;1.1294306310e+00;1.1325871944e+00;1.1368587464e+00;1.1378236204e+00;1.1429774344e+00;1.1417774534e+00;1.1388660040e+00;1.1454071104e+00;1.1440437561e+00;1.1466983641e+00;1.1489142306e+00;1.1463215892e+00;1.1458750787e+00;1.1490163414e+00;1.1518554061e+00
8.0000000000e-07;1.1116360430e+00;1.1078740302e+00;1.1135865155e+00;1.1190517908e+00;1.1247103019e+00;1.1293818631e+00;1.1331383631e+00;1.1372098275e+00;1.1374301299e+00;1.1349307793e+00;1.1393720670e+00;1.1430178072e+00;1.1397505062e+00;1.1417852847e+00;1.1441309789e+00;1.1465480879e+00;1.1446323477e+00;1.1482468682e+00;1.1461939865e+00;1.1486179999e+00
1.0000000000e-06;1.1153205385e+00;1.1089569539e+00;1.1159697605e+00;1.1198281474e+00;1.1254567684e+00;1.1328714033e+00;1.1343904472e+00;1.1354182951e+00;1.1370500919e+00;1.1366039065e+00;1.1420661001e+00;1.1414617454e+00;1.1426331565e+00;1.1415806056e+00;1.1483343934e+00;1.1424310931e+00;1.1482959170e+00;1.1446590350e+00;1.1502177837e+00;1.1499051961e+00
1.2000000000e-06;1.1104325728e+00;1.1085120572e+00;1.1139371261e+00;1.1201659273e+00;1.1188198397e+00;1.1281780344e+00;1.1326285950e+00;1.1317827370e+00;1.1327621114e+00;1.1375779154e+00;1.1371580055e+00;1.1391276556e+00;1.1415249765e+00;1.1412206569e+00;1.1425905399e+00;1.1462883185e+00;1.1417919967e+00;1.1438932480e+00;1.1452520072e+00;1.1442661887e+00
1.4000000000e-06;1.1102254500e+00;1.1042866727e+00;1.1147021144e+00;1.1189102553e+00;1.1250849730e+00;1.1258374424e+00;1.1338105876e+00;1.1315235177e+00;1.1359168589e+00;1.1393528560e+00;1.1390767428e+00;1.1371633907e+00;1.1405675924e+00;1.1381082030e+00;1.1437024752e+00;1.1422496069e+00;1.1402383324e+00;1.1440456896e+00;1.1472958944e+00;1.1450596636e+00
1.6000000000e-06;1.1101055343e+00;1.1072946830e+00;1.1159550316e+00;1.1215553298e+00;1.1223808205e+00;1.1251212416e+00;1.1304270718e+00;1.1318385057e+00;1.1318373915e+00;1.1357825950e+00;1.1399457330e+00;1.1376029883e+00;1.1379163849e+00;1.1410759626e+00;1.1403985176e+00;1.1474378014e+00;1.1455590636e+00;1.1420780512e+00;1.1399023287e+00;1.1447316860e+00
1.8000000000e-06;1.1100771862e+00;1.1054695392e+00;1.1126277918e+00;1.1169189422e+00;1.1200019788e+00;1.1227836971e+00;1.1294617143e+00;1.1298304151e+00;1.1322779542e+00;1.1353821234e+00;1.1375785824e+00;1.1379869150e+00;1.1368783425e+00;1.1385069520e+00;1.1410607188e+00;1.1406022414e+00;1.1393046084e+00;1.1468466058e+00;1.1399982971e+00;1.1437230784e+00
2.0000000000e-06;1.1096694869e+00;1.1051678756e+00;1.1140083351e+00;1.1180984625e+00;1.1235048742e+00;1.1258892350e+00;1.1297834925e+00;1.1312413187e+00;1.1339628704e+00;1.1356468325e+00;1.1387013195e+00;1.1389290681e+00;1.1351774996e+00;1.1450529686e+00;1.1422576433e+00;1.1453881913e+00;1.1437415199e+00;1.1426383477e+00;1.1448005510e+00;1.1414378487e+00
2.2000000000e-06;1.1073323298e+00;1.1042673564e+00;1.1109704200e+00;1.1165675245e+00;1.1213816339e+00;1.1227532092e+00;1.1265560896e+00;1.1278815270e+00;1.1336803628e+00;1.1339297241e+00;1.1340539235e+00;1.1392711277e+00;1.1374920352e+00;1.1363190518e+00;1.1377709203e+00;1.1423351374e+00;1.1390123663e+00;1.1398127505e+00;1.1427104428e+00;1.1429577991e+00
2.4000000000e-06;1.1095735474e+00;1.1047621560e+00;1.1124366528e+00;1.1131624204e+00;1.1168911760e+00;1.1224423443e+00;1.1263776690e+00;1.1288232212e+00;1.1336332735e+00;1.1346220493e+00;1.1312766067e+00;1.1374150192e+00;1.1357385891e+00;1.1382422710e+00;1.1409509242e+00;1.1388408504e+00;1.1418099350e+00;1.1410642302e+00;1.1438727901e+00;1.1452077518e+00
2.6000000000e-06;1.1068613995e+00;1.1052027006e+00;1.1117770847e+00;1.1178614502e+00;1.1183202145e+00;1.1220126214e+00;1.1253390339e+00;1.1282096340e+00;1.1321871271e+00;1.1334511899e+00;1.1362333540e+00;1.1392780942e+00;1.1348934251e+00;1.1348298644e+00;1.1381037830e+00;1.1400506773e+00;1.1384599677e+00;1.1389618709e+00;1.1415978428e+00;1.1396498554e+00
2.8000000000e-06;1.1056404937e+00;1.1031909196e+00;1.1083664801e+00;1.1168045018e+00;1.1138094245e+00;1.1175203964e+00;1.1258075121e+00;1.1294892902e+00;1.1277646216e+00;1.1293005924e+00;1.1277345677e+00;1.1350006784e+00;1.1336344492e+00;1.1367354394e+00;1.1372751334e+00;1.1376843813e+00;1.1383851224e+00;1.1384477990e+00;1.1416511561e+00;1.1389339539e+00
3.0000000000e-06;1.1078163059e+00;1.1020493887e+00;1.1108773513e+00;1.1176244437e+00;1.1197492471e+00;1.1204095520e+00;1.1262312416e+00;1.1302341134e+00;1.1316693445e+00;1.1289747839e+00;1.1355138139e+00;1.1335074170e+00;1.1400625562e+00;1.1355426813e+00;1.1373530344e+00;1.1413850403e+00;1.1383245323e+00;1.1380542668e+00;1.1397032317e+00;1.1396251580e+00
3.2000000000e-06;1.1059566078e+00;1.1015830289e+00;1.1110882092e+00;1.1115061571e+00;1.1183405290e+00;1.1196904452e+00;1.1243387640e+00;1.1284064878e+00;1.1285248236e+00;1.1316456823e+00;1.1284959481e+00;1.1337655910e+00;1.1321966165e+00;1.1324937466e+00;1.1361242276e+00;1.1374247649e+00;1.1338697903e+00;1.1368063210e+00;1.1343748860e+00;1.1365993463e+00
3.6000000000e-06;1.1059556199e+00;1.1016830794e+00;1.1066735438e+00;1.1120211244e+00;1.1159152083e+00;1.1198230059e+00;1.1244932725e+00;1.1265722941e+00;1.1276588093e+00;1.1300322222e+00;1.1272393684e+00;1.1315783273e+00;1.1305869467e+00;1.1329632194e+00;1.1347964082e+00;1.1373467708e+00;1.1373608112e+00;1.1358208678e+00;1.1343696900e+00;1.1365552526e+00
4.0000000000e-06;1.1036578198e+00;1.1014291542e+00;1.1071259083e+00;1.1132278796e+00;1.1159953489e+00;1.1201033770e+00;1.1212483407e+00;1.1229925101e+00;1.1253030827e+00;1.1246904023e+00;1.1306475592e+00;1.1336123535e+00;1.1320389361e+00;1.1299583895e+00;1.1336826851e+00;1.1342189860e+00;1.1341925913e+00;1.1365352312e+00;1.1355960144e+00;1.1372111852e+00
4.4000000000e-06;1.1023507909e+00;1.0989366679e+00;1.1045674615e+00;1.1103745294e+00;1.1165530131e+00;1.1148507601e+00;1.1219460587e+00;1.1253139368e+00;1.1251382783e+00;1.1245989082e+00;1.1279345422e+00;1.1287348383e+00;1.1289476089e+00;1.1312993422e+00;1.1308727207e+00;1.1347438285e+00;1.1330111837e+00;1.1335199553e+00;1.1351696044e+00;1.1315104563e+00
4.8000000000e-06;1.1018242659e+00;1.0985839986e+00;1.1038502676e+00;1.1118877434e+00;1.1113974042e+00;1.1177627673e+00;1.1189273313e+00;1.1196277789e+00;1.1243849284e+00;1.1256849061e+00;1.1267752900e+00;1.1281242666e+00;1.1283637017e+00;1.1283650893e+00;1.1301290543e+00;1.1318119050e+00;1.1336081070e+00;1.1303823670e+00;1.1337781215e+00;1.1312318450e+00
5.2000000000e-06;1.1014612543e+00;1.0985199658e+00;1.1037252087e+00;1.1080059193e+00;1.1125085258e+00;1.1133695843e+00;1.1208261636e+00;1.1228598814e+00;1.1238755534e+00;1.1222724495e+00;1.1258629840e+00;1.1264251532e+00;1.1277552463e+00;1.1286173908e+00;1.1288152526e+00;1.1300772068e+00;1.1303989033e+00;1.1322581170e+00;1.1343663958e+00;1.1316285738e+00
5.6000000000e-06;1.0988112353e+00;1.0949716771e+00;1.1036382814e+00;1.1077130691e+00;1.1131039493e+00;1.1133787155e+00;1.1183394948e+00;1.1221708210e+00;1.1249719183e+00;1.1233889913e+00;1.1239598712e+00;1.1252198730e+00;1.1251601427e+00;1.1284991627e+00;1.1276891351e+00;1.1295950414e+00;1.1269740902e+00;1.1303542877e+00;1.1307851282e+00;1.1323550380e+00
6.0000000000e-06;1.1003427990e+00;1.0965960598e+00;1.1006641094e+00;1.1054658261e+00;1.1106045621e+00;1.1145078540e+00;1.1166636578e+00;1.1200495234e+00;1.1209479360e+00;1.1200868324e+00;1.1232874080e+00;1.1262979364e+00;1.1257405200e+00;1.1269817442e+00;1.1259946528e+00;1.1270899643e+00;1.1277563305e+00;1.1271494917e+00;1.1306589286e+00;1.1280702309e+00
6.4000000000e-06;1.0977254826e+00;1.0953221406e+00;1.1020862022e+00;1.1060760080e+00;1.1088923111e+00;1.1128788794e+00;1.1156728064e+00;1.1205039559e+00;1.1193859049e+00;1.1211134391e+00;1.1228946102e+00;1.1246459233e+00;1.1248094315e+00;1.1225530216e+00;1.1276147467e+00;1.1285310772e+00;1.1251048596e+00;1.1292926049e+00;1.1299445962e+00;1.1283629256e+00
7.2000000000e-06;1.0969646963e+00;1.0942486374e+00;1.0990838213e+00;1.1046472050e+00;1.1075634505e+00;1.1111098316e+00;1.1141747093e+00;1.1154365717e+00;1.1183518602e+00;1.1198161321e+00;1.1213906460e+00;1.1221103307e+00;1.1223002347e+00;1.1242884532e+00;1.1247472257e+00;1.1282276949e+00;1.1265731063e+00;1.1251357354e+00;1.1267676523e+00;1.1289959239e+00
8.0000000000e-06;1.0956135066e+00;1.0932553240e+00;1.0979044314e+00;1.1033818466e+00;1.1062883242e+00;1.1082800752e+00;1.1122568709e+00;1.1146047680e+00;1.1160305934e+00;1.1171231448e+00;1.1199289714e+00;1.1202796506e+00;1.1208124171e+00;1.1218288190e+00;1.1233227493e+00;1.1250956033e+00;1.1232765778e+00;1.1250045367e+00;1.1260186510e+00;1.1239927166e+00
8.8000000000e-06;1.0950436057e+00;1.0917389923e+00;1.0975214246e+00;1.1015716724e+00;1.1040512000e+00;1.1077284290e+00;1.1115855471e+00;1.1142511969e+00;1.1150510618e+00;1.1152789012e+00;1.1159828367e+00;1.1190724625e+00;1.1188897461e+00;1.1207683753e+00;1.1222674443e+00;1.1229641392e+00;1.1228249976e+00;1.1216551056e+00;1.1251148717e+00;1.1238057847e+00
9.6000000000e-06;1.0938237718e+00;1.0900212549e+00;1.0962562179e+00;1.0991393138e+00;1.1018756592e+00;1.1072682119e+00;1.1093043619e+00;1.1131750918e+00;1.1126127775e+00;1.1149438917e+00;1.1157777303e+00;1.1195844377e+00;1.1201460632e+00;1.1181190650e+00;1.1195665128e+00;1.1208125209e+00;1.1217807840e+00;1.1204445205e+00;1.1218748333e+00;1.1216712983e+00
1.0400000000e-05;1.0922398478e+00;1.0902834022e+00;1.0935665816e+00;1.0989601819e+00;1.1019424405e+00;1.1050083638e+00;1.1090225241e+00;1.1100415363e+00;1.1121864788e+00;1.1118131064e+00;1.1168717732e+00;1.1153131089e+00;1.1145078508e+00;1.1177458655e+00;1.1182519665e+00;1.1183394568e+00;1.1200140120e+00;1.1189359784e+00;1.1215195034e+00;1.1192493954e+00
1.1200000000e-05;1.0908210724e+00;1.0873976739e+00;1.0921623563e+00;1.0965561580e+00;1.1010623344e+00;1.1034959491e+00;1.1071897654e+00;1.1095624598e+00;1.1118139900e+00;1.1115035501e+00;1.1140650435e+00;1.1141870378e+00;1.1140091255e+00;1.1128839635e+00;1.1160192075e+00;1.1184676866e+00;1.1188735759e+00;1.1164081667e+00;1.1198808109e+00;1.1174569872e+00
1.2000000000e-05;1.0891364348e+00;1.0851097161e+00;1.0918135489e+00;1.0950565284e+00;1.0990066066e+00;1.1036926400e+00;1.1069914145e+00;1.1081064102e+00;1.1092808463e+00;1.1093476278e+00;1.1121758223e+00;1.1129520897e+00;1.1126827761e+00;1.1134750231e+00;1.1139565795e+00;1.1179892208e+00;1.1157605820e+00;1.1161096060e+00;1.1164843699e+00;1.1155349770e+00
1.2800000000e-05;1.0872692072e+00;1.0852242896e+00;1.0912331636e+00;1.0947616230e+00;1.0971585549e+00;1.1008506924e+00;1.1046673631e+00;1.1061475188e+00;1.1088254180e+00;1.1079536092e+00;1.1110739116e+00;1.1112600936e+00;1.1112615887e+00;1.1120758090e+00;1.1138264165e+00;1.1154894689e+00;1.1144438914e+00;1.1143980961e+00;1.1173223430e+00;1.1160427814e+00
1.4400000000e-05;1.0854989406e+00;1.0838386879e+00;1.0885292772e+00;1.0918320715e+00;1.0953850752e+00;1.0989060116e+00;1.1018465282e+00;1.1049265838e+00;1.1058705759e+00;1.1062983953e+00;1.1084742623e+00;1.1089420977e+00;1.1078649686e+00;1.1098421264e+00;1.1103350140e+00;1.1121420738e+00;1.1114298988e+00;1.1123787189e+00;1.1136326387e+00;1.1130712779e+00
1.6000000000e-05;1.0856288856e+00;1.0827788874e+00;1.0875528849e+00;1.0923533445e+00;1.0942784411e+00;1.0973438094e+00;1.0986867842e+00;1.1022858859e+00;1.1031342107e+00;1.1032265526e+00;1.1049946221e+00;1.1075803682e+00;1.1074774110e+00;1.1072291150e+00;1.1105452423e+00;1.1105124636e+00;1.1099914169e+00;1.1105337939e+00;1.1126734479e+00;1.1110923777e+00
1.7600000000e-05;1.0833856723e+00;1.0803064057e+00;1.0864128279e+00;1.0890963798e+00;1.0923235361e+00;1.0935658310e+00;1.0982497507e+00;1.1001809884e+00;1.1022699906e+00;1.1013448034e+00;1.1054451496e+00;1.1053395642e+00;1.1047021046e+00;1.1058404635e+00;1.1078351432e+00;1.1074002095e+00;1.1069167093e+00;1.1065946439e+00;1.1093996163e+00;1.1079401597e+00
1.9200000000e-05;1.0825091918e+00;1.0789964893e+00;1.0835492605e+00;1.0888172475e+00;1.0911883054e+00;1.0939110702e+00;1.0962050997e+00;1.0973324610e+00;1.0998821283e+00;1.1020720474e+00;1.1029186466e+00;1.1016097317e+00;1.1034150314e+00;1.1028536816e+00;1.1057093444e+00;1.1055022510e+00;1.1052113881e+00;1.1054392766e+00;1.1065079037e+00;1.1070189454e+00
2.0800000000e-05;1.0813524054e+00;1.0784051805e+00;1.0812497582e+00;1.0856940413e+00;1.0897523660e+00;1.0906357126e+00;1.0936012003e+00;1.0974424802e+00;1.0977401938e+00;1.0982872352e+00;1.0999133263e+00;1.1011077164e+00;1.1019074627e+00;1.1017513081e+00;1.1016302595e+00;1.1037271933e+00;1.1032231908e+00;1.1042949881e+00;1.1055011696e+00;1.1038551129e+00
2.2400000000e-05;1.0789710227e+00;1.0757304786e+00;1.0811051745e+00;1.0844488093e+00;1.0868193487e+00;1.0893194649e+00;1.0934382692e+00;1.0941842141e+00;1.0960070272e+00;1.0957554269e+00;1.0997848187e+00;1.1005462566e+00;1.0988513186e+00;1.1006149693e+00;1.1012967580e+00;1.1023751323e+00;1.1003801289e+00;1.1017525271e+00;1.1034720440e+00;1.1029002433e+00
2.4000000000e-05;1.0788721684e+00;1.0751581589e+00;1.0788323363e+00;1.0835120178e+00;1.0851297089e+00;1.0887142209e+00;1.0923979983e+00;1.0928111366e+00;1.0946635619e+00;1.0939658828e+00;1.0961710489e+00;1.0972051343e+00;1.0979350978e+00;1.0983177893e+00;1.0996988896e+00;1.1022389787e+00;1.1001123516e+00;1.1017635588e+00;1.1013011785e+00;1.1023804658e+00
2.5600000000e-05;1.0773506266e+00;1.0735954135e+00;1.0791240646e+00;1.0831982871e+00;1.0850996642e+00;1.0874072576e+00;1.0902841964e+00;1.0902248400e+00;1.0928132550e+00;1.0938101453e+00;1.0946299871e+00;1.0950881858e+00;1.0965797917e+00;1.0966244846e+00;1.0982389913e+00;1.0987068546e+00;1.0982793319e+00;1.0978709391e+00;1.0989128849e+00;1.1010442843e+00
2.8800000000e-05;1.0751612031e+00;1.0714898840e+00;1.0762184846e+00;1.0794000678e+00;1.0809911948e+00;1.0846753767e+00;1.0871185256e+00;1.0885366721e+00;1.0907571190e+00;1.0913692842e+00;1.0927701908e+00;1.0930705280e+00;1.0935260772e+00;1.0941220736e+00;1.0937985847e+00;1.0960994738e+00;1.0955588325e+00;1.0951821179e+00;1.0963341173e+00;1.0967168879e+00
3.2000000000e-05;1.0725785454e+00;1.0697096620e+00;1.0738183519e+00;1.0771204868e+00;1.0790342858e+00;1.0828133571e+00;1.0836709968e+00;1.0868541469e+00;1.0876840588e+00;1.0886197380e+00;1.0901767254e+00;1.0901742124e+00;1.0907136123e+00;1.0914618138e+00;1.0921552273e+00;1.0925982833e+00;1.0924421308e+00;1.0927231594e+00;1.0931311892e+00;1.0935388316e+00
3.5200000000e-05;1.0709852313e+00;1.0676095738e+00;1.0724816323e+00;1.0748944380e+00;1.0775875338e+00;1.0795137582e+00;1.0820787417e+00;1.0846988090e+00;1.0855444743e+00;1.0862325643e+00;1.0878005087e+00;1.0867509179e+00;1.0881814785e+00;1.0882212935e+00;1.0906638520e+00;1.0902316176e+00;1.0897250188e+00;1.0909096488e+00;1.0913997811e+00;1.0915756151e+00
3.8400000000e-05;1.0697390073e+00;1.0664846877e+00;1.0701823333e+00;1.0731732566e+00;1.0750495294e+00;1.0777587418e+00;1.0803454157e+00;1.0823033286e+00;1.0827722634e+00;1.0834467459e+00;1.0847490148e+00;1.0849767059e+00;1.0859869489e+00;1.0865664002e+00;1.0872662101e+00;1.0881607235e+00;1.0868671363e+00;1.0882723013e+00;1.0888016621e+00;1.0892082312e+00
4.1600000000e-05;1.0682139595e+00;1.0646953608e+00;1.0685827731e+00;1.0718898371e+00;1.0734433455e+00;1.0760930104e+00;1.0777689984e+00;1.0802529878e+00;1.0812926031e+00;1.0808400984e+00;1.0839533710e+00;1.0839161958e+00;1.0843052338e+00;1.0853135758e+00;1.0859195812e+00;1.0860066528e+00;1.0863233531e+00;1.0860554602e+00;1.0876147883e+00;1.0870301804e+00
4.4800000000e-05;1.0667259908e+00;1.0630097802e+00;1.0670388402e+00;1.0690032222e+00;1.0715046316e+00;1.0743881376e+00;1.0767298178e+00;1.0784609513e+00;1.0788923753e+00;1.0808052638e+00;1.0815617940e+00;1.0812858419e+00;1.0817490557e+00;1.0816503041e+00;1.0839057910e+00;1.0840155287e+00;1.0844517498e+00;1.0844642779e+00;1.0850011861e+00;1.0851072133e+00
4.8000000000e-05;1.0652109223e+00;1.0621015227e+00;1.0659367363e+00;1.0683232588e+00;1.0694250027e+00;1.0734605553e+00;1.0750047089e+00;1.0766481438e+00;1.0776384638e+00;1.0772407826e+00;1.0801452316e+00;1.0810876159e+00;1.0809321585e+00;1.0799795978e+00;1.0817955021e+00;1.0827675678e+00;1.0808971440e+00;1.0824495704e+00;1.0826928348e+00;1.0836501959e+00
5.1200000000e-05;1.0636458291e+00;1.0607159882e+00;1.0641021506e+00;1.0669401776e+00;1.0694278611e+00;1.0716813912e+00;1.0731102359e+00;1.0745273723e+00;1.0765802438e+00;1.0759082876e+00;1.0784530648e+00;1.0778456572e+00;1.0783692027e+00;1.0794010049e+00;1.0802131443e+00;1.0799717301e+00;1.0805553682e+00;1.0814426955e+00;1.0809922508e+00;1.0812828102e+00
5.7600000000e-05;1.0610737330e+00;1.0580459844e+00;1.0617769290e+00;1.0639179394e+00;1.0659274811e+00;1.0685204485e+00;1.0709040265e+00;1.0715412438e+00;1.0726402267e+00;1.0736459088e+00;1.0747805796e+00;1.0751748447e+00;1.0757273112e+00;1.0753514993e+00;1.0769831654e+00;1.0775390658e+00;1.0772475127e+00;1.0773385265e+00;1.0776904862e+00;1.0776227688e+00
6.4000000000e-05;1.0595300690e+00;1.0556818588e+00;1.0594050939e+00;1.0615183472e+00;1.0629346847e+00;1.0661974192e+00;1.0676172237e+00;1.0688587183e+00;1.0705376226e+00;1.0712177205e+00;1.0722553794e+00;1.0728282828e+00;1.0726666741e+00;1.0724349802e+00;1.0737674736e+00;1.0743951629e+00;1.0743475848e+00;1.0738270263e+00;1.0757055883e+00;1.0749427990e+00
7.0400000000e-05;1.0576314269e+00;1.0534165317e+00;1.0572656530e+00;1.0593785761e+00;1.0609740416e+00;1.0634387638e+00;1.0645856967e+00;1.0670309423e+00;1.0678529693e+00;1.0681146735e+00;1.0696996546e+00;1.0691757060e+00;1.0700993865e+00;1.0705489131e+00;1.0715993601e+00;1.0708962451e+00;1.0706190308e+00;1.0716075199e+00;1.0719292378e+00;1.0712497988e+00
7.6800000000e-05;1.0553170829e+00;1.0516860718e+00;1.0552064346e+00;1.0574051924e+00;1.0587079209e+00;1.0612775412e+00;1.0626960462e+00;1.0643622880e+00;1.0660907309e+00;1.0656200434e+00;1.0671237476e+00;1.0668989392e+00;1.0669554583e+00;1.0674428936e+00;1.0685952538e+00;1.0683910196e+00;1.0687989731e+00;1.0697232379e+00;1.0699760506e+00;1.0695724122e+00
8.3200000000e-05;1.0541902596e+00;1.0498188560e+00;1.0538686918e+00;1.0554791263e+00;1.0562735157e+00;1.0588666520e+00;1.0606283237e+00;1.0621049815e+00;1.0633587551e+00;1.0639855932e+00;1.0657718434e+00;1.0648886618e+00;1.0652114534e+00;1.0645039002e+00;1.0657206222e+00;1.0670847735e+00;1.0658379277e+00;1.0667970819e+00;1.0676582240e+00;1.0668720598e+00
8.9600000000e-05;1.0524886494e+00;1.0479198129e+00;1.0516401627e+00;1.0533375160e+00;1.0548591152e+00;1.0574445818e+00;1.0590943164e+00;1.0599418478e+00;1.0612537474e+00;1.0613469615e+00;1.0622759018e+00;1.0633310291e+00;1.0636218674e+00;1.0630387576e+00;1.0638044018e+00;1.0652209372e+00;1.0636176365e+00;1.0649271587e+00;1.0652286212e+00;1.0648836703e+00
9.6000000000e-05;1.0513905573e+00;1.0464442661e+00;1.0497072153e+00;1.0517332310e+00;1.0536172116e+00;1.0552253117e+00;1.0575513478e+00;1.0589513748e+00;1.0594871975e+00;1.0594797604e+00;1.0611139809e+00;1.0613488747e+00;1.0611259437e+00;1.0604758066e+00;1.0620835588e+00;1.0627861666e+00;1.0622531439e+00;1.0627479342e+00;1.0630651122e+00;1.0627043697e+00
1.0240000000e-04;1.0493832264e+00;1.0455476214e+00;1.0484865998e+00;1.0498824154e+00;1.0520200511e+00;1.0536402374e+00;1.0552508011e+00;1.0569449029e+00;1.0573202243e+00;1.0583939160e+00;1.0589716345e+00;1.0589389373e+00;1.0592088755e+00;1.0592244896e+00;1.0604965490e+00;1.0609008674e+00;1.0596996081e+00;1.0603462571e+00;1.0614989986e+00;1.0610280230e+00
1.1520000000e-04;1.0467692684e+00;1.0430523669e+00;1.0461388831e+00;1.0479986062e+00;1.0492158893e+00;1.0508717565e+00;1.0521547006e+00;1.0538167681e+00;1.0545411034e+00;1.0549448284e+00;1.0557776448e+00;1.0555137042e+00;1.0558512310e+00;1.0558866405e+00;1.0566841044e+00;1.0570154973e+00;1.0570861053e+00;1.0573585735e+00;1.0582301785e+00;1.0576097586e+00
1.2800000000e-04;1.0447795535e+00;1.0405499537e+00;1.0433993318e+00;1.0449658725e+00;1.0461748142e+00;1.0485244195e+00;1.0493987842e+00;1.0507224273e+00;1.0522528371e+00;1.0513311392e+00;1.0534736952e+00;1.0531846938e+00;1.0532617624e+00;1.0531567666e+00;1.0540902566e+00;1.0540776312e+00;1.0536561436e+00;1.0544913442e+00;1.0551020014e+00;1.0549320469e+00
1.4080000000e-04;1.0427035970e+00;1.0389103375e+00;1.0414203805e+00;1.0433354854e+00;1.0442753752e+00;1.0460846010e+00;1.0470623758e+00;1.0485369698e+00;1.0487999347e+00;1.0495961439e+00;1.0504404388e+00;1.0503824833e+00;1.0502070796e+00;1.0501053643e+00;1.0509872882e+00;1.0522344539e+00;1.0507840262e+00;1.0512047011e+00;1.0522661898e+00;1.0523705965e+00
1.5360000000e-04;1.0409497441e+00;1.0369629357e+00;1.0394897397e+00;1.0410277279e+00;1.0420272924e+00;1.0437357362e+00;1.0448770600e+00;1.0457153468e+00;1.0468201003e+00;1.0472261992e+00;1.0481474828e+00;1.0486618584e+00;1.0477434411e+00;1.0474669864e+00;1.0488753908e+00;1.0498396353e+00;1.0488619960e+00;1.0492177147e+00;1.0492177926e+00;1.0495480527e+00
1.6640000000e-04;1.0396162943e+00;1.0352646319e+00;1.0382801803e+00;1.0395101134e+00;1.0402532395e+00;1.0418681177e+00;1.0431089176e+00;1.0442350365e+00;1.0450571342e+00;1.0445124516e+00;1.0455846850e+00;1.0471227042e+00;1.0461255293e+00;1.0459715460e+00;1.0467658289e+00;1.0476575501e+00;1.0467389148e+00;1.0467941134e+00;1.0469725015e+00;1.0470069604e+00
1.7920000000e-04;1.0381880556e+00;1.0341804002e+00;1.0362437991e+00;1.0378057819e+00;1.0385883448e+00;1.0401323995e+00;1.0410936466e+00;1.0421803193e+00;1.0426221695e+00;1.0429819520e+00;1.0441782347e+00;1.0450728557e+00;1.0442144062e+00;1.0436877867e+00;1.0444612051e+00;1.0452765844e+00;1.0448162130e+00;1.0445764015e+00;1.0453781742e+00;1.0453295105e+00
1.9200000000e-04;1.0367147268e+00;1.0327149560e+00;1.0349501547e+00;1.0359313207e+00;1.0370186169e+00;1.0393424052e+00;1.0399008596e+00;1.0407529225e+00;1.0410029483e+00;1.0408825313e+00;1.0421899518e+00;1.0429944468e+00;1.0425600773e+00;1.0411172527e+00;1.0426791464e+00;1.0434049628e+00;1.0433140670e+00;1.0433221961e+00;1.0438462882e+00;1.0430166900e+00
2.0480000000e-04;1.0353948455e+00;1.0315746018e+00;1.0336768647e+00;1.0346891402e+00;1.0358285255e+00;1.0372689657e+00;1.0381378638e+00;1.0390351616e+00;1.0399069305e+00;1.0397171903e+00;1.0410013548e+00;1.0411718973e+00;1.0403578479e+00;1.0401107649e+00;1.0406481084e+00;1.0414853700e+00;1.0414532691e+00;1.0417230844e+00;1.0420869460e+00;1.0412413353e+00
2.3040000000e-04;1.0333148012e+00;1.0289408389e+00;1.0313710442e+00;1.0321741827e+00;1.0328464894e+00;1.0344930793e+00;1.0355726864e+00;1.0360664240e+00;1.0369247894e+00;1.0366430883e+00;1.0378711237e+00;1.0388537089e+00;1.0376499105e+00;1.0374982923e+00;1.0382935119e+00;1.0387892044e+00;1.0382385107e+00;1.0388144512e+00;1.0389750678e+00;1.0383086703e+00
2.5600000000e-04;1.0311708931e+00;1.0272010962e+00;1.0291353402e+00;1.0302116194e+00;1.0310190533e+00;1.0322355509e+00;1.0330890348e+00;1.0338537723e+00;1.0345572759e+00;1.0341967656e+00;1.0351720876e+00;1.0361216665e+00;1.0352905925e+00;1.0342751757e+00;1.0361248544e+00;1.0359315022e+00;1.0357658853e+00;1.0363771978e+00;1.0365256911e+00;1.0360123989e+00
2.8160000000e-04;1.0294504522e+00;1.0254957833e+00;1.0275119822e+00;1.0286540829e+00;1.0291508680e+00;1.0302652579e+00;1.0311691899e+00;1.0314677848e+00;1.0324882379e+00;1.0319910598e+00;1.0335589768e+00;1.0337646932e+00;1.0334744791e+00;1.0326460875e+00;1.0337282144e+00;1.0340764068e+00;1.0336643801e+00;1.0340761965e+00;1.0341375293e+00;1.0339481915e+00
3.0720000000e-04;1.0280698112e+00;1.0237659813e+00;1.0257335735e+00;1.0270286516e+00;1.0272995104e+00;1.0282677004e+00;1.0294294466e+00;1.0296429436e+00;1.0304424497e+00;1.0303148530e+00;1.0314370876e+00;1.0315896201e+00;1.0315147996e+00;1.0311648991e+00;1.0316582894e+00;1.0321447628e+00;1.0318093325e+00;1.0318937790e+00;1.0326553237e+00;1.0318353173e+00
3.3280000000e-04;1.0270242568e+00;1.0226295706e+00;1.0244995063e+00;1.0253602789e+00;1.0259515931e+00;1.0266477198e+00;1.0279804975e+00;1.0281970003e+00;1.0284658044e+00;1.0287515504e+00;1.0297403639e+00;1.0301803176e+00;1.0298791658e+00;1.0297411467e+00;1.0301592508e+00;1.0304842469e+00;1.0303964603e+00;1.0302777822e+00;1.0304797275e+00;1.0300634176e+00
3.5840000000e-04;1.0261823938e+00;1.0214358996e+00;1.0233156861e+00;1.0239139336e+00;1.0244070868e+00;1.0251259558e+00;1.0264869006e+00;1.0267581979e+00;1.0273327038e+00;1.0270221409e+00;1.0284818957e+00;1.0284689537e+00;1.0286245688e+00;1.0276422438e+00;1.0282588725e+00;1.0287336016e+00;1.0287426369e+00;1.0285925791e+00;1.0291214294e+00;1.0287104519e+00
3.8400000000e-04;1.0249233953e+00;1.0203940492e+00;1.0220087707e+00;1.0227387117e+00;1.0237468489e+00;1.0238858297e+00;1.0249947624e+00;1.0253048463e+00;1.0264532134e+00;1.0262547660e+00;1.0268063563e+00;1.0267008013e+00;1.0271132174e+00;1.0262510051e+00;1.0275165944e+00;1.0269674255e+00;1.0273294816e+00;1.0271259479e+00;1.0277027268e+00;1.0272580476e+00
4.0960000000e-04;1.0241789288e+00;1.0195428568e+00;1.0210764617e+00;1.0214227087e+00;1.0225237185e+00;1.0224941487e+00;1.0237532485e+00;1.0242961777e+00;1.0249756391e+00;1.0250318122e+00;1.0255266511e+00;1.0257636982e+00;1.0256556496e+00;1.0250143999e+00;1.0262572322e+00;1.0256865504e+00;1.0260811518e+00;1.0260504401e+00;1.0262221618e+00;1.0257813659e+00
4.6080000000e-04;1.0218459065e+00;1.0181914147e+00;1.0195327515e+00;1.0198595466e+00;1.0206504926e+00;1.0205783383e+00;1.0219044714e+00;1.0220922228e+00;1.0227148943e+00;1.0229487219e+00;1.0234172296e+00;1.0234181006e+00;1.0233257489e+00;1.0233039679e+00;1.0241291798e+00;1.0234495520e+00;1.0238221635e+00;1.0236437329e+00;1.0238178560e+00;1.0235999784e+00
5.1200000000e-04;1.0205858856e+00;1.0168040282e+00;1.0180454391e+00;1.0181651491e+00;1.0190805815e+00;1.0190235656e+00;1.0201292369e+00;1.0202179730e+00;1.0212265423e+00;1.0208069972e+00;1.0215359190e+00;1.0216920507e+00;1.0214276206e+00;1.0213775229e+00;1.0221067213e+00;1.0219489071e+00;1.0216649726e+00;1.0220114347e+00;1.0223281056e+00;1.0217848631e+00
5.6320000000e-04;1.0193605310e+00;1.0154607752e+00;1.0167236447e+00;1.0167581383e+00;1.0178423544e+00;1.0176222142e+00;1.0185032065e+00;1.0186047763e+00;1.0195946324e+00;1.0192251017e+00;1.0196662402e+00;1.0200094662e+00;1.0198282369e+00;1.0195802892e+00;1.0204555795e+00;1.0201701446e+00;1.0204123430e+00;1.0201769735e+00;1.0201301398e+00;1.0202905868e+00
6.1440000000e-04;1.0182573103e+00;1.0146130982e+00;1.0155925670e+00;1.0154837381e+00;1.0165779378e+00;1.0162629270e+00;1.0173292134e+00;1.0173486068e+00;1.0180927600e+00;1.0183740631e+00;1.0187059130e+00;1.0183629182e+00;1.0187377222e+00;1.0181545769e+00;1.0190186092e+00;1.0190955261e+00;1.0190522063e+00;1.0188276585e+00;1.0188969128e+00;1.0186757272e+00
6.6560000000e-04;1.0174531939e+00;1.0136800445e+00;1.0146224728e+00;1.0147167991e+00;1.0156110640e+00;1.0148805006e+00;1.0161324087e+00;1.0158331249e+00;1.0170584846e+00;1.0169108077e+00;1.0174132598e+00;1.0172821063e+00;1.0177777477e+00;1.0168464620e+00;1.0175635038e+00;1.0174005719e+00;1.0179416051e+00;1.0177348408e+00;1.0175487108e+00;1.0176654213e+00
7.1680000000e-04;1.0163703589e+00;1.0128443922e+00;1.0137945839e+00;1.0138676856e+00;1.0143315964e+00;1.0141066750e+00;1.0154651484e+00;1.0149472715e+00;1.0160866224e+00;1.0158557814e+00;1.0163860675e+00;1.0159247670e+00;1.0165691396e+00;1.0160644690e+00;1.0165466394e+00;1.0162581815e+00;1.0169635313e+00;1.0165055132e+00;1.0163665181e+00;1.0167270564e+00
7.6800000000e-04;1.0156477995e+00;1.0119690740e+00;1.0130813424e+00;1.0128032876e+00;1.0136621944e+00;1.0132338175e+00;1.0144630472e+00;1.0144499115e+00;1.0151339204e+00;1.0147759111e+00;1.0157511503e+00;1.0150580985e+00;1.0159355917e+00;1.0149496665e+00;1.0158810079e+00;1.0154850704e+00;1.0157139044e+00;1.0157341336e+00;1.0157131796e+00;1.0157114646e+00
8.1920000000e-04;1.0152084625e+00;1.0114919980e+00;1.0127106874e+00;1.0123987807e+00;1.0128738445e+00;1.0127305545e+00;1.0137424240e+00;1.0137831027e+00;1.0146751950e+00;1.0143095182e+00;1.0152859223e+00;1.0145509792e+00;1.0153106323e+00;1.0145036921e+00;1.0152117840e+00;1.0149865256e+00;1.0148108467e+00;1.0147651096e+00;1.0147918600e+00;1.0149764990e+00
9.2160000000e-04;1.0141096564e+00;1.0102875928e+00;1.0112426036e+00;1.0109545278e+00;1.0110773168e+00;1.0113067630e+00;1.0124583322e+00;1.0122588653e+00;1.0128353526e+00;1.0128868438e+00;1.0134234969e+00;1.0127165681e+00;1.0133702464e+00;1.0125676766e+00;1.0135964317e+00;1.0128725320e+00;1.0131159069e+00;1.0132513490e+00;1.0138684609e+00;1.0135084378e+00
1.0240000000e-03;1.0130447634e+00;1.0094720671e+00;1.0103634603e+00;1.0100814243e+00;1.0103671514e+00;1.0102663996e+00;1.0110238838e+00;1.0108839370e+00;1.0114762858e+00;1.0116595621e+00;1.0122046133e+00;1.0114737887e+00;1.0121524640e+00;1.0113374407e+00;1.0117745688e+00;1.0119044769e+00;1.0118664661e+00;1.0118726585e+00;1.0121287297e+00;1.0121123082e+00
1.1264000000e-03;1.0122430830e+00;1.0084745221e+00;1.0095325514e+00;1.0091730219e+00;1.0093845902e+00;1.0091533392e+00;1.0101082992e+00;1.0100743069e+00;1.0104069271e+00;1.0104833318e+00;1.0114967302e+00;1.0107099190e+00;1.0112354054e+00;1.0104036957e+00;1.0109807471e+00;1.0112000971e+00;1.0108525178e+00;1.0106323681e+00;1.0113377304e+00;1.0109990752e+00
1.2288000000e-03;1.0116350633e+00;1.0076625254e+00;1.0085059505e+00;1.0083761729e+00;1.0087890273e+00;1.0083766218e+00;1.0089480798e+00;1.0095479017e+00;1.0091422661e+00;1.0098449023e+00;1.0104641319e+00;1.0095308615e+00;1.0102086446e+00;1.0094887104e+00;1.0102067298e+00;1.0102545015e+00;1.0098408195e+00;1.0101887697e+00;1.0103904953e+00;1.0103529680e+00
1.3312000000e-03;1.0112999486e+00;1.0073142588e+00;1.0079845734e+00;1.0074771188e+00;1.0084055966e+00;1.0079641076e+00;1.0088232111e+00;1.0088250460e+00;1.0082728399e+00;1.0090383660e+00;1.0093640598e+00;1.0089974340e+00;1.0094473584e+00;1.0091177243e+00;1.0095298948e+00;1.0098063219e+00;1.0089417350e+00;1.0092530622e+00;1.0097520612e+00;1.0093297184e+00
1.4336000000e-03;1.0104727343e+00;1.0066031218e+00;1.0073441969e+00;1.0069728050e+00;1.0078395143e+00;1.0072752886e+00;1.0079959805e+00;1.0081650391e+00;1.0077601947e+00;1.0089501637e+00;1.0088965935e+00;1.0086756535e+00;1.0089097031e+00;1.0079536797e+00;1.0090542102e+00;1.0095330334e+00;1.0085210718e+00;1.0084779423e+00;1.0089498832e+00;1.0089473037e+00
1.5360000000e-03;1.0100817878e+00;1.0064264134e+00;1.0069028600e+00;1.0068685465e+00;1.0072990270e+00;1.0067843165e+00;1.0073973955e+00;1.0076655040e+00;1.0074885061e+00;1.0082613858e+00;1.0086017412e+00;1.0082868709e+00;1.0086396699e+00;1.0072958365e+00;1.0084524191e+00;1.0089151259e+00;1.0079130054e+00;1.0078583754e+00;1.0082915930e+00;1.0084857900e+00
1.6384000000e-03;1.0102907682e+00;1.0058349011e+00;1.0065354513e+00;1.0066111814e+00;1.0072607520e+00;1.0067600623e+00;1.0068980511e+00;1.0075363949e+00;1.0070163043e+00;1.0083395738e+00;1.0080584634e+00;1.0077794668e+00;1.0082326577e+00;1.0071401410e+00;1.0079172289e+00;1.0082290655e+00;1.0072917489e+00;1.0076200679e+00;1.0074749775e+00;1.0081281478e+00
1.8432000000e-03;1.0092402879e+00;1.0051022091e+00;1.0058416236e+00;1.0057915799e+00;1.0061501435e+00;1.0061854146e+00;1.0061758641e+00;1.0067389866e+00;1.0065106371e+00;1.0072851511e+00;1.0071855300e+00;1.0068487148e+00;1.0072864846e+00;1.0064940264e+00;1.0068176877e+00;1.0072718459e+00;1.0061161089e+00;1.0069583991e+00;1.0066879076e+00;1.0069242845e+00
2.0480000000e-03;1.0087353799e+00;1.0046213252e+00;1.0049917052e+00;1.0047337577e+00;1.0057675550e+00;1.0056151484e+00;1.0056590051e+00;1.0061405384e+00;1.0058600899e+00;1.0063155145e+00;1.0064745572e+00;1.0059440900e+00;1.0067042568e+00;1.0058437473e+00;1.0061347286e+00;1.0063874904e+00;1.0057304981e+00;1.0059837450e+00;1.0060700932e+00;1.0062718427e+00
2.2528000000e-03;1.0085189007e+00;1.0040185501e+00;1.0043687278e+00;1.0045878140e+00;1.0053130817e+00;1.0051108247e+00;1.0052514609e+00;1.0053134696e+00;1.0052951661e+00;1.0058384200e+00;1.0060647638e+00;1.0055299256e+00;1.0058697846e+00;1.0052488510e+00;1.0054582433e+00;1.0058108369e+00;1.0050390801e+00;1.0051864809e+00;1.0056622106e+00;1.0060291783e+00
2.4576000000e-03;1.0081283830e+00;1.0036573115e+00;1.0044344925e+00;1.0042067895e+00;1.0046096024e+00;1.0046558803e+00;1.0046762667e+00;1.0048538987e+00;1.0046874111e+00;1.0054273892e+00;1.0054852997e+00;1.0054989252e+00;1.0055004847e+00;1.0047200950e+00;1.0051484056e+00;1.0054335742e+00;1.0042634092e+00;1.0049807057e+00;1.0049901212e+00;1.0057403223e+00
2.6624000000e-03;1.0078805189e+00;1.0034633179e+00;1.0041729465e+00;1.0039791691e+00;1.0040148123e+00;1.0039947338e+00;1.0046598613e+00;1.0044760740e+00;1.0043681164e+00;1.0048201380e+00;1.0048749818e+00;1.0050650720e+00;1.0046831207e+00;1.0047295171e+00;1.0044472666e+00;1.0048093351e+00;1.0041545052e+00;1.0045017868e+00;1.0044429885e+00;1.0050212479e+00
2.8672000000e-03;1.0075045058e+00;1.0033633991e+00;1.0033702477e+00;1.0038425611e+00;1.0036281692e+00;1.0036887928e+00;1.0038501572e+00;1.0039326721e+00;1.0041861158e+00;1.0044039447e+00;1.0042566244e+00;1.0044417945e+00;1.0044149145e+00;1.0043344179e+00;1.0038913562e+00;1.0044151057e+00;1.0041356634e+00;1.0041832469e+00;1.0041034164e+00;1.0046478328e+00
3.0720000000e-03;1.0073680564e+00;1.0030897991e+00;1.0032206855e+00;1.0033762860e+00;1.0031042420e+00;1.0034175729e+00;1.0033602406e+00;1.0035173390e+00;1.0036245871e+00;1.0037557780e+00;1.0036615184e+00;1.0041746249e+00;1.0038952170e+00;1.0038601961e+00;1.0035134799e+00;1.0042202995e+00;1.0041189459e+00;1.0037072209e+00;1.0039315192e+00;1.0047299548e+00
3.2768000000e-03;1.0072669852e+00;1.0028309363e+00;1.0031159088e+00;1.0031687318e+00;1.0029598525e+00;1.0035178281e+00;1.0030189161e+00;1.0030402450e+00;1.0034648438e+00;1.0038051284e+00;1.0036317431e+00;1.0036601858e+00;1.0036899727e+00;1.0034645151e+00;1.0032252639e+00;1.0043538190e+00;1.0038042252e+00;1.0034084221e+00;1.0031543802e+00;1.0043708331e+00
3.6864000000e-03;1.0068423444e+00;1.0025730706e+00;1.0029609496e+00;1.0026514919e+00;1.0027495263e+00;1.0029081948e+00;1.0026999834e+00;1.0023309201e+00;1.0029290778e+00;1.0029275068e+00;1.0027681569e+00;1.0029962130e+00;1.0033162044e+00;1.0029230172e+00;1.0031935848e+00;1.0033556677e+00;1.0031611348e+00;1.0028386444e+00;1.0033299636e+00;1.0035939526e+00
4.0960000000e-03;1.0064990375e+00;1.0024546422e+00;1.0026339134e+00;1.0025300139e+00;1.0024023432e+00;1.0024202042e+00;1.0025648371e+00;1.0021230296e+00;1.0028152747e+00;1.0026713598e+00;1.0028464575e+00;1.0026745548e+00;1.0028614465e+00;1.0029486127e+00;1.0028813137e+00;1.0031936142e+00;1.0024273878e+00;1.0027582547e+00;1.0032028502e+00;1.0029741067e+00
4.5056000000e-03;1.0061815387e+00;1.0019381496e+00;1.0023726137e+00;1.0021149941e+00;1.0023991141e+00;1.0019274657e+00;1.0022679595e+00;1.0020481616e+00;1.0024924547e+00;1.0021783229e+00;1.0023152499e+00;1.0025366822e+00;1.0023866445e+00;1.0025885912e+00;1.0023762765e+00;1.0027894937e+00;1.0026245663e+00;1.0026609088e+00;1.0028377183e+00;1.0024440656e+00
4.9152000000e-03;1.0061428943e+00;1.0018616785e+00;1.0020978011e+00;1.0020783193e+00;1.0021139888e+00;1.0016982680e+00;1.0019987391e+00;1.0019159565e+00;1.0020633927e+00;1.0021959080e+00;1.0021259447e+00;1.0025849465e+00;1.0021024817e+00;1.0019261347e+00;1.0019680483e+00;1.0026155974e+00;1.0021130720e+00;1.0024738308e+00;1.0027246145e+00;1.0022530552e+00
5.3248000000e-03;1.0059171619e+00;1.0018126828e+00;1.0017097701e+00;1.0018944314e+00;1.0021306977e+00;1.0014619469e+00;1.0018813634e+00;1.0017497005e+00;1.0016570047e+00;1.0019946184e+00;1.0017423614e+00;1.0027327060e+00;1.0016336628e+00;1.0017926869e+00;1.0019948391e+00;1.0023599368e+00;1.0016042196e+00;1.0022939612e+00;1.0023722739e+00;1.0024323790e+00
5.7344000000e-03;1.0052809387e+00;1.0019844141e+00;1.0019072352e+00;1.0016529165e+00;1.0015904147e+00;1.0014687365e+00;1.0020041529e+00;1.0013651676e+00;1.0015320836e+00;1.0016358797e+00;1.0014270911e+00;1.0020133132e+00;1.0017856649e+00;1.0014718680e+00;1.0017828526e+00;1.0024747274e+00;1.0016457380e+00;1.0019546502e+00;1.0024163595e+00;1.0023658118e+00
6.1440000000e-03;1.0052906195e+00;1.0021339603e+00;1.0016718108e+00;1.0017856592e+00;1.0016139633e+00;1.0012195571e+00;1.0018888223e+00;1.0011916427e+00;1.0014945873e+00;1.0016249848e+00;1.0014804007e+00;1.0016420525e+00;1.0017238965e+00;1.0015883995e+00;1.0013617811e+00;1.0016631807e+00;1.0016590351e+00;1.0017750457e+00;1.0021847042e+00;1.0020148165e+00
6.5536000000e-03;1.0054022475e+00;1.0018140071e+00;1.0015452059e+00;1.0018030075e+00;1.0013580822e+00;1.0014803568e+00;1.0016884779e+00;1.0013238523e+00;1.0013124904e+00;1.0017972793e+00;1.0013925061e+00;1.0017839004e+00;1.0019506379e+00;1.0012387515e+00;1.0016594022e+00;1.0017153114e+00;1.0018346479e+00;1.0015319865e+00;1.0020683938e+00;1.0017467144e+00
7.3728000000e-03;1.0051671735e+00;1.0015301347e+00;1.0014666445e+00;1.0016132402e+00;1.0010969180e+00;1.0011987685e+00;1.0014151943e+00;1.0011671746e+00;1.0010663396e+00;1.0018091459e+00;1.0014158936e+00;1.0013753535e+00;1.0016343702e+00;1.0010264265e+00;1.0012230633e+00;1.0014913789e+00;1.0012898958e+00;1.0014027194e+00;1.0016596972e+00;1.0010021269e+00
8.1920000000e-03;1.0051555620e+00;1.0012078096e+00;1.0011844565e+00;1.0012552006e+00;1.0011802999e+00;1.0006252580e+00;1.0013681170e+00;1.0010397779e+00;1.0009502353e+00;1.0014412700e+00;1.0010417522e+00;1.0010919443e+00;1.0017289329e+00;1.0008900290e+00;1.0012240172e+00;1.0006814150e+00;1.0008081280e+00;1.0014958574e+00;1.0011773942e+00;1.0006700320e+00
9.0112000000e-03;1.0047503478e+00;1.0011850917e+00;1.0009060603e+00;1.0014460671e+00;1.0011789686e+00;1.0006769400e+00;1.0010843402e+00;1.0009747297e+00;1.0007990867e+00;1.0011072094e+00;1.0010525073e+00;1.0010162223e+00;1.0012489466e+00;1.0010839978e+00;1.0012880016e+00;1.0011505273e+00;1.0007736355e+00;1.0010932675e+00;1.0008603696e+00;1.0008757379e+00
9.8304000000e-03;1.0045587779e+00;1.0011491985e+00;1.0007766982e+00;1.0009548110e+00;1.0006649614e+00;1.0004764389e+00;1.0010681614e+00;1.0010178989e+00;1.0005717116e+00;1.0009217782e+00;1.0013726362e+00;1.0006420394e+00;1.0007383290e+00;1.0009116123e+00;1.0009152632e+00;1.0011235232e+00;1.0007581366e+00;1.0011243163e+00;1.0006192218e+00;1.0010324400e+00
1.0649600000e-02;1.0046054367e+00;1.0012154180e+00;1.0008127790e+00;1.0010370951e+00;1.0008151720e+00;1.0005691112e+00;1.0007002220e+00;1.0004631865e+00;1.0003220781e+00;1.0008542635e+00;1.0008847689e+00;1.0004212039e+00;1.0009548179e+00;1.0009232250e+00;1.0004778332e+00;1.0007271030e+00;1.0005830419e+00;1.0012528323e+00;1.0005073904e+00;1.0010570219e+00
1.1468800000e-02;1.0046253496e+00;1.0009696535e+00;1.0012821211e+00;1.0009528125e+00;1.0009621450e+00;9.9995374309e-01;1.0006224229e+00;1.0006828581e+00;1.0003225051e+00;1.0008923140e+00;1.0009244980e+00;1.0005471398e+00;1.0009474216e+00;1.0007322183e+00;1.0005197353e+00;1.0006541223e+00;1.0004667512e+00;1.0009068458e+00;1.0001494133e+00;1.0010780824e+00
1.2288000000e-02;1.0048254533e+00;1.0005760550e+00;1.0014627177e+00;1.0007506478e+00;1.0008214856e+00;1.0000319593e+00;1.0005255876e+00;1.0005811257e+00;1.0004230287e+00;1.0007358612e+00;1.0009267373e+00;1.0010321154e+00;1.0009521873e+00;1.0007222044e+00;1.0004791771e+00;1.0008597150e+00;1.0002372580e+00;1.0008389602e+00;9.9993430097e-01;1.0007923890e+00
1.3107200000e-02;1.0046218235e+00;1.0006248645e+00;1.0009367174e+00;1.0007855152e+00;1.0006821776e+00;9.9971183686e-01;1.0008617531e+00;1.0006429854e+00;1.0004181793e+00;1.0008232705e+00;1.0011545601e+00;1.0010441053e+00;1.0007921473e+00;1.0007924340e+00;1.0000757794e+00;1.0006569985e+00;1.0000900745e+00;1.0006249010e+00;1.0002505295e+00;1.0006755481e+00
1.4745600000e-02;1.0043162637e+00;1.0008151925e+00;1.0005695034e+00;1.0005496516e+00;1.0007491771e+00;1.0000392794e+00;1.0005048533e+00;1.0002940355e+00;1.0004505466e+00;1.0002496033e+00;1.0007132768e+00;1.0009394378e+00;1.0007695437e+00;1.0008756777e+00;1.0005380089e+00;1.0005195344e+00;1.0001582497e+00;1.0006282009e+00;1.0001356547e+00;1.0008586324e+00
1.6384000000e-02;1.0046151181e+00;1.0005165054e+00;1.0004348727e+00;1.0004076785e+00;1.0006702898e+00;1.0000886406e+00;1.0005955320e+00;1.0004051832e+00;1.0000719710e+00;1.0004981607e+00;1.0007791806e+00;1.0007477558e+00;1.0005289878e+00;1.0011283586e+00;1.0004504737e+00;1.0005135306e+00;1.0004753802e+00;1.0004153987e+00;1.0001068798e+00;1.0003981101e+00
1.8022400000e-02;1.0043369340e+00;1.0007227524e+00;1.0006883281e+00;1.0004759166e+00;1.0004338798e+00;9.9990762816e-01;1.0006573138e+00;1.0003088682e+00;9.9990205765e-01;1.0001916281e+00;1.0002979755e+00;1.0008373770e+00;1.0001311484e+00;1.0004510640e+00;1.0003772432e+00;1.0007270911e+00;1.0004994271e+00;1.0001750415e+00;1.0002999392e+00;1.0003841843e+00
1.9660800000e-02;1.0042427924e+00;1.0009172995e+00;1.0006073294e+00;1.0004524445e+00;1.0006335946e+00;1.0000936739e+00;1.0007036029e+00;1.0001268344e+00;1.0001917201e+00;1.0001739159e+00;1.0004631411e+00;1.0006426812e+00;1.0004250038e+00;1.0005319991e+00;1.0003524787e+00;1.0008665295e+00;1.0004082724e+00;1.0005799068e+00;1.0002622484e+00;1.0006088760e+00
2.1299200000e-02;1.0039707690e+00;1.0004356842e+00;1.0003261778e+00;1.0002680526e+00;1.0003010343e+00;1.0002537835e+00;1.0005121052e+00;1.0001783225e+00;1.0002350922e+00;9.9993278180e-01;1.0007500863e+00;1.0002658565e+00;1.0004476236e+00;1.0007820685e+00;1.0002734553e+00;1.0009015093e+00;1.0002627831e+00;1.0006914802e+00;9.9991180787e-01;1.0005566762e+00
2.2937600000e-02;1.0040245885e+00;1.0003522949e+00;1.0006112322e+00;1.0004487218e+00;1.0000847513e+00;1.0002642842e+00;1.0002829053e+00;1.0001111301e+00;1.0005247860e+00;1.0002616598e+00;1.0007997745e+00;1.0003319822e+00;1.0000086809e+00;1.0006875282e+00;1.0005716361e+00;1.0004570960e+00;1.0002158793e+00;1.0002571028e+00;9.9968039650e-01;1.0006213151e+00
2.4576000000e-02;1.0037901738e+00;1.0007526464e+00;1.0005455920e+00;1.0004199467e+00;1.0002883183e+00;1.0001119741e+00;1.0005330711e+00;1.0002543921e+00;9.9999320732e-01;1.0004674266e+00;1.0008158963e+00;9.9987431427e-01;9.9972611684e-01;1.0003916369e+00;1.0004605867e+00;1.0001984787e+00;1.0004350942e+00;1.0002529363e+00;1.0004871359e+00;1.0002356477e+00
2.6214400000e-02;1.0041292315e+00;1.0003847942e+00;1.0007651739e+00;1.0004274321e+00;1.0004021473e+00;1.0000101641e+00;1.0005716501e+00;1.0005098400e+00;1.0000500909e+00;1.0006127992e+00;1.0004213796e+00;9.9980948478e-01;9.9995058825e-01;1.0002085556e+00;9.9991731306e-01;1.0001634941e+00;1.0000245583e+00;1.0003855747e+00;1.0001713153e+00;1.0004028359e+00
2.9491200000e-02;1.0038699314e+00;1.0005356109e+00;1.0004483131e+00;1.0006633018e+00;1.0002858491e+00;1.0002674537e+00;1.0005631870e+00;1.0004927525e+00;1.0003814336e+00;1.0002024448e+00;1.0002405731e+00;1.0002994114e+00;1.0002374581e+00;1.0001439899e+00;1.0003254143e+00;1.0003977637e+00;9.9998653794e-01;1.0001646279e+00;1.0003232818e+00;1.0004942733e+00
3.2768000000e-02;1.0037336674e+00;1.0004720070e+00;1.0003915405e+00;1.0005224322e+00;1.0004411804e+00;1.0002161522e+00;1.0003063896e+00;1.0003268425e+00;1.0004136799e+00;1.0004916996e+00;1.0005081480e+00;1.0001474492e+00;1.0002654645e+00;1.0002768131e+00;1.0000948250e+00;1.0003706052e+00;1.0000184729e+00;9.9984480517e-01;1.0003347718e+00;1.0004154789e+00
3.6044800000e-02;1.0039505705e+00;1.0004400178e+00;1.0003915409e+00;1.0004025175e+00;1.0003932880e+00;1.0002116019e+00;1.0000697539e+00;1.0002946497e+00;1.0001860275e+00;1.0002049838e+00;1.0002695252e+00;1.0003536789e+00;1.0005979669e+00;1.0004478160e+00;1.0000703011e+00;9.9978900864e-01;9.9974669395e-01;1.0002498041e+00;1.0005630673e+00;1.0006032538e+00
3.9321600000e-02;1.0045180472e+00;1.0003302621e+00;1.0004741323e+00;1.0004503761e+00;1.0002606743e+00;1.0000966050e+00;1.0000356700e+00;1.0005230022e+00;1.0000021399e+00;1.0000954604e+00;1.0000544791e+00;1.0005720908e+00;1.0003730465e+00;1.0001227714e+00;1.0001652286e+00;9.9997663553e-01;9.9992944253e-01;1.0003541905e+00;1.0004744526e+00;1.0002210979e+00
4.2598400000e-02;1.0042876082e+00;1.0001017078e+00;1.0003143291e+00;1.0001159408e+00;1.0002811102e+00;1.0001067056e+00;1.0001074463e+00;1.0005959746e+00;9.9996592234e-01;1.0000112028e+00;1.0001184861e+00;1.0001395596e+00;1.0001133296e+00;1.0001336679e+00;1.0003639027e+00;1.0002654992e+00;1.0001026558e+00;9.9999861752e-01;1.0003750540e+00;9.9994886949e-01
4.5875200000e-02;1.0043788542e+00;1.0001023111e+00;1.0001718269e+00;1.0001943936e+00;1.0001722532e+00;1.0005799571e+00;1.0001018968e+00;1.0001549769e+00;9.9994228766e-01;1.0000356556e+00;1.0001192683e+00;1.0001465197e+00;1.0000653462e+00;9.9971624448e-01;1.0000400868e+00;1.0002546947e+00;1.0001233870e+00;1.0001145367e+00;1.0005728946e+00;1.0000597342e+00
4.9152000000e-02;1.0039646734e+00;1.0004095744e+00;1.0003204249e+00;1.0001530566e+00;1.0004249305e+00;1.0001566275e+00;1.0001005455e+00;1.0002293565e+00;9.9961503040e-01;9.9967255351e-01;1.0001169244e+00;1.0005308693e+00;1.0000965501e+00;9.9945819741e-01;9.9957002640e-01;1.0000474918e+00;1.0002771931e+00;9.9989208071e-01;1.0001780385e+00;1.0002040874e+00
5.2428800000e-02;1.0038772461e+00;1.0005065313e+00;1.0000881176e+00;1.0003334146e+00;1.0001109990e+00;9.9993122315e-01;1.0000646736e+00;9.9973216256e-01;1.0000545037e+00;9.9951224103e-01;1.0000657968e+00;1.0000781150e+00;9.9999751473e-01;9.9978117049e-01;9.9950368171e-01;9.9992827479e-01;1.0002313308e+00;1.0002817957e+00;9.9994245516e-01;1.0002599235e+00
5.8982400000e-02;1.0042452545e+00;1.0004993863e+00;1.0001223682e+00;9.9987875984e-01;1.0003517318e+00;9.9991345023e-01;1.0000661507e+00;9.9987685989e-01;1.0000414150e+00;1.0001038797e+00;1.0000851421e+00;9.9990978300e-01;1.0002025182e+00;1.0001604894e+00;9.9977965489e-01;1.0000942848e+00;1.0000554472e+00;1.0000018267e+00;1.0002315442e+00;1.0003421562e+00
6.5536000000e-02;1.0042352541e+00;1.0004611018e+00;1.0003633259e+00;1.0003039823e+00;1.0003666168e+00;1.0002404700e+00;9.9973527652e-01;1.0001545773e+00;1.0001617211e+00;1.0001402067e+00;9.9989169365e-01;9.9990149810e-01;9.9995446874e-01;1.0000460621e+00;9.9962299755e-01;1.0004222366e+00;1.0002359720e+00;1.0001167886e+00;1.0003149231e+00;1.0001050411e+00
7.2089600000e-02;1.0040450559e+00;1.0006118067e+00;1.0002466896e+00;1.0000854457e+00;1.0003185904e+00;1.0001149599e+00;1.0001539856e+00;9.9981862594e-01;9.9988011835e-01;1.0001105714e+00;1.0000426275e+00;1.0001310789e+00;1.0001214141e+00;1.0000277354e+00;1.0001510449e+00;1.0001421757e+00;1.0000119685e+00;9.9989819547e-01;1.0002980961e+00;1.0002200681e+00
7.8643200000e-02;1.0038569583e+00;1.0004279106e+00;9.9997523686e-01;9.9996696874e-01;9.9990479564e-01;9.9979423179e-01;9.9998668317e-01;1.0002834510e+00;1.0000871845e+00;9.9991583930e-01;1.0000118624e+00;1.0000047840e+00;1.0001107461e+00;9.9990343747e-01;1.0000823268e+00;1.0001487005e+00;1.0002308582e+00;1.0002344539e+00;1.0001226836e+00;1.0003584828e+00
8.5196800000e-02;1.0037060964e+00;1.0005710315e+00;1.0000481326e+00;1.0000521496e+00;1.0002306983e+00;1.0000090672e+00;9.9999619010e-01;1.0001750346e+00;1.0001471638e+00;1.0002892203e+00;1.0002752561e+00;1.0003105552e+00;1.0003428635e+00;9.9988571391e-01;1.0002881390e+00;9.9964147817e-01;9.9995348570e-01;9.9998668267e-01;1.0001443100e+00;1.0004916739e+00
9.1750400000e-02;1.0037590113e+00;1.0002338910e+00;9.9982381190e-01;9.9989544274e-01;1.0000874711e+00;9.9988691639e-01;1.0000772013e+00;9.9999032448e-01;1.0000162495e+00;9.9981346251e-01;1.0001582852e+00;1.0003759302e+00;9.9998649774e-01;9.9970817469e-01;1.0002791696e+00;1.0001784002e+00;1.0000682197e+00;9.9984420073e-01;1.0001620734e+00;1.0004488757e+00
9.8304000000e-02;1.0037771357e+00;1.0003496371e+00;9.9997905517e-01;1.0001526439e+00;9.9979111433e-01;9.9974680863e-01;1.0001610086e+00;1.0001097907e+00;1.0002056248e+00;9.9991568162e-01;1.0001875620e+00;1.0000261324e+00;9.9996398311e-01;9.9986455431e-01;1.0003880230e+00;9.9998071882e-01;1.0002996385e+00;9.9990709598e-01;1.0002832320e+00;1.0004163840e+00
1.0485760000e-01;1.0040726794e+00;1.0002474743e+00;9.9997738739e-01;9.9999519209e-01;9.9986738264e-01;9.9989402048e-01;1.0000924849e+00;1.0002347164e+00;9.9986485239e-01;9.9994704929e-01;1.0004250552e+00;9.9998946792e-01;9.9993060065e-01;1.0005079042e+00;1.0000585315e+00;1.0001636416e+00;1.0001471440e+00;1.0000800455e+00;1.0003046077e+00;1.0001179179e+00
1.1796480000e-01;1.0041291705e+00;1.0002397439e+00;1.0003986370e+00;1.0002338505e+00;1.0000374088e+00;9.9975312147e-01;1.0001563051e+00;1.0001811799e+00;1.0001906081e+00;1.0000660658e+00;9.9993911041e-01;9.9991925745e-01;1.0002506500e+00;1.0002449810e+00;9.9991042301e-01;9.9996524741e-01;1.0004702269e+00;9.9990801898e-01;1.0000798279e+00;1.0001653681e+00
1.3107200000e-01;1.0040062640e+00;1.0002306988e+00;1.0001543540e+00;1.0003541731e+00;9.9991843335e-01;9.9986202026e-01;1.0001420063e+00;1.0003311005e+00;9.9978901675e-01;1.0002544303e+00;9.9989263299e-01;1.0001482626e+00;1.0004133551e+00;1.0001190389e+00;1.0001305060e+00;9.9981859463e-01;1.0003339908e+00;1.0002070097e+00;1.0002335616e+00;1.0002046934e+00
1.4417920000e-01;1.0039637046e+00;1.0003230678e+00;1.0003267640e+00;1.0001248354e+00;1.0000453517e+00;9.9991902269e-01;1.0000407360e+00;9.9993743163e-01;9.9994322625e-01;1.0001851679e+00;1.0001170139e+00;1.0000238746e+00;1.0002110406e+00;1.0001787779e+00;9.9989691107e-01;9.9978267763e-01;1.0000199497e+00;1.0002464447e+00;1.0001176694e+00;1.0001300140e+00
1.5728640000e-01;1.0040115363e+00;1.0004674523e+00;1.0001495951e+00;1.0001046727e+00;1.0000777999e+00;1.0001147591e+00;1.0001083801e+00;1.0000708238e+00;1.0000043139e+00;1.0003066941e+00;9.9998573449e-01;9.9991833767e-01;9.9984906849e-01;1.0002111035e+00;9.9992937048e-01;9.9985872555e-01;9.9999822258e-01;1.0000171189e+00;9.9981327255e-01;1.0002138070e+00
1.7039360000e-01;1.0038343545e+00;1.0002540292e+00;1.0001726354e+00;1.0003762438e+00;9.9985034619e-01;9.9995242267e-01;1.0000425007e+00;1.0001647627e+00;9.9996503736e-01;9.9986166696e-01;9.9999441242e-01;9.9992215315e-01;1.0000471716e+00;1.0002182873e+00;9.9974969673e-01;1.0000323958e+00;9.9973678847e-01;1.0002329678e+00;1.0001686006e+00;1.0000493597e+00
1.8350080000e-01;1.0042272016e+00;1.0001291652e+00;1.0000637785e+00;1.0000716433e+00;9.9992172901e-01;1.0001525335e+00;9.9979169355e-01;1.0003072257e+00;9.9995751892e-01;1.0000700525e+00;1.0000355333e+00;1.0001273263e+00;1.0000707996e+00;1.0002069169e+00;1.0000970502e+00;1.0000638767e+00;9.9971489742e-01;9.9998546330e-01;1.0001306353e+00;1.0000637842e+00
1.9660800000e-01;1.0040489304e+00;1.0002113519e+00;1.0001655245e+00;1.0001534293e+00;9.9972437513e-01;9.9988032854e-01;1.0000024501e+00;1.0001558846e+00;9.9981068283e-01;9.9995085007e-01;9.9983271769e-01;1.0000612650e+00;1.0000553759e+00;9.9995141843e-01;9.9988341356e-01;1.0001443289e+00;1.0000853792e+00;1.0000789044e+00;1.0000704633e+00;9.9994925295e-01
2.0971520000e-01;1.0037353473e+00;1.0000872966e+00;1.0001228609e+00;1.0003116068e+00;1.0000057429e+00;1.0000209683e+00;9.9978480232e-01;9.9990340154e-01;1.0001547023e+00;9.9970867753e-01;9.9995443897e-01;9.9999888718e-01;9.9996392778e-01;9.9999421284e-01;9.9985939871e-01;9.9991756120e-01;9.9989217203e-01;1.0002122599e+00;1.0002090629e+00;1.0000005134e+00
2.3592960000e-01;1.0039828058e+00;1.0002803680e+00;1.0002986840e+00;1.0002681938e+00;9.9990204322e-01;9.9983655732e-01;9.9984940244e-01;1.0000857329e+00;9.9990168753e-01;1.0000786039e+00;1.0002074609e+00;9.9992432143e-01;1.0001783869e+00;1.0000289887e+00;9.9993871620e-01;9.9983034746e-01;9.9982509503e-01;9.9993496876e-01;1.0001258362e+00;9.9990480594e-01
2.6214400000e-01;1.0041450509e+00;1.0002912677e+00;1.0002554417e+00;1.0002342971e+00;1.0001839261e+00;9.9978617265e-01;1.0000174609e+00;9.9998686309e-01;1.0002108356e+00;1.0000602541e+00;1.0000069683e+00;1.0000304638e+00;1.0002106263e+00;1.0002832337e+00;1.0000094831e+00;1.0001375333e+00;9.9985960189e-01;9.9991859060e-01;1.0001250183e+00;1.0000882330e+00
2.8835840000e-01;1.0039102564e+00;1.0003198748e+00;1.0001257445e+00;1.0001654718e+00;9.9989196117e-01;1.0000219883e+00;1.0000802864e+00;9.9989673625e-01;9.9996741157e-01;9.9991731621e-01;9.9982439205e-01;9.9991106550e-01;9.9984782084e-01;1.0000339022e+00;1.0001900925e+00;1.0000017989e+00;1.0000087354e+00;1.0001791854e+00;9.9997788510e-01;1.0002800809e+00
3.1457280000e-01;1.0041915298e+00;1.0002147369e+00;9.9982425842e-01;1.0003201803e+00;1.0000793404e+00;9.9990234901e-01;1.0000021317e+00;9.9987004752e-01;9.9999548927e-01;1.0000035328e+00;1.0000629041e+00;9.9994793357e-01;1.0000453181e+00;9.9993231604e-01;9.9997113486e-01;1.0001250445e+00;9.9980603212e-01;1.0000073029e+00;1.0000740025e+00;1.0001081268e+00
3.4078720000e-01;1.0039430395e+00;1.0002982391e+00;1.0000707510e+00;1.0002118895e+00;1.0001696540e+00;1.0000805822e+00;1.0000941931e+00;1.0000201435e+00;9.9980247549e-01;1.0000706400e+00;9.9986647199e-01;1.0001693900e+00;9.9991040155e-01;1.0000346665e+00;1.0001628249e+00;9.9993639372e-01;9.9991565826e-01;1.0000780984e+00;1.0000641826e+00;1.0000770477e+00
3.6700160000e-01;1.0039067916e+00;1.0002292713e+00;1.0000370096e+00;1.0000813781e+00;1.0000706474e+00;1.0000061972e+00;1.0000270013e+00;1.0000543309e+00;1.0001147594e+00;9.9997077593e-01;9.9984727851e-01;1.0002915887e+00;9.9994178039e-01;1.0001279402e+00;1.0000239065e+00;1.0001415410e+00;1.0001848397e+00;9.9978821700e-01;1.0000628871e+00;1.0000735009e+00
3.9321600000e-01;1.0040428602e+00;1.0001695228e+00;1.0001290031e+00;1.0000113670e+00;1.0001634828e+00;9.9994085059e-01;1.0000016562e+00;9.9982181310e-01;9.9992300873e-01;1.0000173248e+00;1.0000214372e+00;1.0001614826e+00;9.9988346176e-01;1.0001334347e+00;1.0002625279e+00;1.0001815544e+00;9.9999284254e-01;9.9988410861e-01;1.0001201907e+00;9.9995434715e-01
4.1943040000e-01;1.0038679132e+00;1.0002827583e+00;1.0000566350e+00;1.0002731446e+00;1.0001731233e+00;9.9993647631e-01;1.0001400839e+00;1.0000689107e+00;1.0000130532e+00;1.0001033219e+00;9.9992971540e-01;1.0000296747e+00;9.9980089795e-01;9.9985416192e-01;9.9979247493e-01;1.0002665788e+00;9.9998328832e-01;1.0001074246e+00;1.0001182195e+00;1.0001002899e+00
4.7185920000e-01;1.0039496059e+00;1.0002873289e+00;1.0001011722e+00;1.0002964078e+00;1.0000838615e+00;1.0001181696e+00;9.9998430800e-01;9.9994870768e-01;1.0001182582e+00;1.0000503766e+00;1.0000037842e+00;9.9986891212e-01;1.0000479414e+00;1.0000591110e+00;9.9988747480e-01;1.0000916897e+00;1.0000277403e+00;1.0001431964e+00;1.0000907809e+00;9.9999273883e-01
5.2428800000e-01;1.0039025040e+00;1.0002150371e+00;1.0002664251e+00;1.0000749990e+00;1.0002965374e+00;1.0001754882e+00;9.9999347450e-01;9.9989437173e-01;1.0000041818e+00;9.9987406496e-01;9.9999970432e-01;9.9996948496e-01;9.9992377527e-01;9.9988940117e-01;9.9978556111e-01;1.0000285324e+00;1.0001755008e+00;1.0000053323e+00;9.9999779856e-01;1.0001040819e+00
5.7671680000e-01;1.0039267681e+00;1.0002993722e+00;1.0001099582e+00;1.0002096644e+00;9.9998442613e-01;9.9999226931e-01;9.9994402884e-01;9.9997325200e-01;9.9976400351e-01;9.9983354501e-01;1.0000194469e+00;1.0000339853e+00;9.9998816938e-01;9.9990857546e-01;9.9997151935e-01;9.9993189616e-01;1.0001063688e+00;9.9999449921e-01;9.9985699436e-01;9.9998524676e-01
6.2914560000e-01;1.0039126629e+00;1.0003253085e+00;1.0001669642e+00;1.0002293760e+00;9.9997939888e-01;1.0000119243e+00;9.9990462084e-01;9.9991750588e-01;9.9990479778e-01;1.0000943626e+00;9.9998594662e-01;1.0000391407e+00;9.9997030479e-01;9.9984438613e-01;9.9991640734e-01;9.9996827223e-01;9.9991694347e-01;9.9984953200e-01;9.9998549129e-01;1.0001200643e+00
6.8157440000e-01;1.0038371746e+00;1.0002099224e+00;1.0002122670e+00;1.0002505313e+00;1.0001383317e+00;9.9995150244e-01;1.0000333597e+00;1.0000633874e+00;9.9985617069e-01;9.9993851863e-01;9.9986897442e-01;1.0000533489e+00;1.0000395071e+00;9.9998858056e-01;9.9989440776e-01;1.0000353640e+00;9.9990877899e-01;1.0001014043e+00;9.9988408733e-01;9.9999033638e-01
7.3400320000e-01;1.0038739099e+00;1.0002138906e+00;1.0002076474e+00;1.0001496989e+00;1.0001462442e+00;9.9995580535e-01;9.9995331482e-01;9.9996315179e-01;1.0001385515e+00;9.9978787604e-01;9.9993458509e-01;1.0000999804e+00;9.9993510400e-01;9.9990280175e-01;9.9979470100e-01;1.0000542314e+00;9.9996464100e-01;9.9995632521e-01;9.9994498886e-01;9.9993680456e-01
7.8643200000e-01;1.0037273328e+00;1.0002516042e+00;1.0002592827e+00;1.0001666040e+00;1.0001718589e+00;1.0000069279e+00;9.9996518623e-01;1.0001975843e+00;1.0000161267e+00;1.0000664467e+00;9.9993488721e-01;1.0001922991e+00;9.9992043309e-01;1.0001057691e+00;9.9999994341e-01;9.9995687061e-01;1.0000103098e+00;9.9998030992e-01;1.0001358119e+00;9.9994410712e-01
8.3886080000e-01;1.0036812693e+00;1.0003210751e+00;1.0001302167e+00;1.0001650122e+00;1.0000755460e+00;1.0000358719e+00;9.9989008959e-01;1.0000921809e+00;9.9985852378e-01;1.0001338297e+00;1.0000511686e+00;9.9992027799e-01;9.9989227518e-01;9.9992373503e-01;9.9982574999e-01;9.9999315822e-01;1.0001878830e+00;1.0000208211e+00;1.0000248373e+00;9.9992199586e-01
9.4371840000e-01;1.0036575835e+00;1.0002864420e+00;1.0000338372e+00;1.0001115503e+00;9.9995195017e-01;9.9999290120e-01;9.9994541368e-01;1.0000392309e+00;9.9992185064e-01;1.0000166083e+00;9.9996831782e-01;9.9996696543e-01;9.9993776954e-01;1.0001736018e+00;9.9991484359e-01;1.0000170965e+00;1.0001228389e+00;9.9997475052e-01;1.0000673598e+00;9.9992037714e-01
1.0485760000e+00;1.0036736217e+00;1.0003287772e+00;1.0000791045e+00;1.0002185015e+00;1.0000444657e+00;9.9989280011e-01;1.0000380377e+00;1.0000200466e+00;1.0000003581e+00;1.0000374869e+00;1.0000344329e+00;9.9984591063e-01;1.0001006298e+00;1.0001507061e+00;1.0001324840e+00;9.9991865617e-01;1.0000168574e+00;9.9983935870e-01;9.9994256475e-01;9.9996579765e-01
1.1534336000e+00;1.0036644382e+00;1.0002061997e+00;1.0001230461e+00;1.0002434759e+00;1.0000689535e+00;1.0000265816e+00;9.9991095327e-01;1.0000580381e+00;1.0000367260e+00;1.0001065157e+00;9.9994354243e-01;9.9994475509e-01;1.0000263852e+00;9.9997760191e-01;1.0001333466e+00;1.0000666798e+00;1.0000452487e+00;9.9994711050e-01;1.0000108272e+00;9.9997624400e-01
1.2582912000e+00;1.0035902868e+00;1.0001915691e+00;1.0002355004e+00;1.0001278874e+00;1.0001034853e+00;1.0000504497e+00;1.0000058949e+00;9.9991113715e-01;9.9993264580e-01;1.0000345546e+00;9.9994467774e-01;9.9990449491e-01;9.9992508316e-01;1.0000472433e+00;9.9996747911e-01;9.9997759418e-01;1.0000582032e+00;9.9997888294e-01;9.9991008821e-01;1.0000924056e+00
1.3631488000e+00;1.0034750937e+00;1.0002291671e+00;1.0001336654e+00;1.0001088302e+00;9.9996048705e-01;1.0000246203e+00;9.9991035441e-01;9.9992345703e-01;1.0000559292e+00;9.9990547182e-01;9.9979589549e-01;1.0000223622e+00;9.9994171023e-01;1.0001106759e+00;1.0000335505e+00;1.0000576633e+00;9.9991929332e-01;9.9986776370e-01;9.9987644598e-01;9.9986535358e-01
1.4680064000e+00;1.0034590886e+00;1.0001688374e+00;1.0001440860e+00;1.0000714569e+00;9.9991710622e-01;1.0000209767e+00;1.0000128465e+00;9.9994523898e-01;1.0001570148e+00;9.9995080739e-01;9.9992145119e-01;9.9998553020e-01;1.0000045894e+00;9.9985401893e-01;1.0001046635e+00;1.0000066117e+00;9.9992774594e-01;9.9990815617e-01;1.0000109801e+00;9.9992788052e-01
1.5728640000e+00;1.0034394402e+00;1.0002555597e+00;1.0000379491e+00;1.0001251993e+00;1.0002535994e+00;9.9990253555e-01;1.0000497329e+00;9.9998118576e-01;1.0001181213e+00;9.9994517940e-01;9.9991868868e-01;1.0000607893e+00;9.9991149883e-01;9.9987404154e-01;9.9977374643e-01;1.0000446335e+00;1.0000729040e+00;9.9992988976e-01;9.9997779768e-01;1.0000623132e+00
1.6777216000e+00;1.0032520866e+00;1.0003194205e+00;1.0001003281e+00;1.0001409410e+00;1.0001132036e+00;9.9994287823e-01;9.9992765318e-01;1.0000864934e+00;9.9998001550e-01;9.9991204368e-01;1.0001088395e+00;1.0000224210e+00;9.9998847501e-01;9.9995601131e-01;9.9994215009e-01;9.9993508962e-01;9.9997772851e-01;9.9992553263e-01;1.0000658374e+00;9.9996680177e-01
1.8874368000e+00;1.0031426544e+00;1.0001979259e+00;1.0001187969e+00;1.0001092217e+00;9.9999005050e-01;1.0000746221e+00;1.0000278188e+00;1.0000571167e+00;9.9996945656e-01;1.0000186856e+00;1.0000380795e+00;1.0000075672e+00;1.0000139200e+00;1.0000347210e+00;9.9992739763e-01;1.0000859640e+00;1.0001168316e+00;9.9999449202e-01;9.9996663325e-01;9.9990173335e-01
2.0971520000e+00;1.0030899845e+00;1.0002701642e+00;1.0001998585e+00;1.0001105663e+00;1.0001563997e+00;1.0000123483e+00;1.0000118292e+00;9.9999272789e-01;9.9993900157e-01;9.9995582882e-01;9.9993795256e-01;1.0000059689e+00;9.9999396196e-01;1.0000421510e+00;1.0000130410e+00;1.0000038658e+00;9.9997023390e-01;9.9999227697e-01;9.9999391966e-01;1.0000406866e+00
2.3068672000e+00;1.0029863677e+00;1.0002877075e+00;1.0000530429e+00;1.0001590417e+00;9.9997833077e-01;9.9999630966e-01;9.9996594380e-01;9.9990878721e-01;9.9999226885e-01;1.0000217797e+00;9.9994225092e-01;9.9997880276e-01;9.9997590832e-01;1.0000446000e+00;1.0000770173e+00;9.9997586639e-01;9.9999005487e-01;9.9996088417e-01;1.0000088443e+00;9.9989894969e-01
2.5165824000e+00;1.0028781647e+00;1.0002431932e+00;1.0000497638e+00;1.0000319381e+00;1.0001488019e+00;1.0000406228e+00;1.0001372916e+00;1.0000980391e+00;9.9999955995e-01;1.0000090204e+00;1.0000609279e+00;9.9991417619e-01;1.0001201676e+00;9.9988683213e-01;1.0000761209e+00;9.9995957289e-01;9.9999939122e-01;1.0000348526e+00;1.0000513710e+00;9.9998441252e-01
2.7262976000e+00;1.0026874302e+00;1.0002494297e+00;1.0000793288e+00;1.0000634639e+00;1.0000964883e+00;9.9999109227e-01;9.9996517907e-01;1.0000497958e+00;1.0000221515e+00;1.0001449780e+00;9.9986631560e-01;9.9994767003e-01;9.9993828043e-01;9.9997755583e-01;9.9999089918e-01;9.9994826575e-01;1.0000624906e+00;1.0000157477e+00;1.0000393981e+00;1.0000265886e+00
2.9360128000e+00;1.0025783159e+00;1.0002271852e+00;1.0001167218e+00;1.0001127031e+00;1.0000096004e+00;9.9993278594e-01;1.0000415954e+00;1.0000770769e+00;1.0000060416e+00;9.9995062586e-01;1.0000487080e+00;9.9991084238e-01;9.9998561146e-01;9.9985885476e-01;9.9988594991e-01;1.0000709243e+00;1.0000004771e+00;9.9992389265e-01;1.0000040009e+00;1.0000400918e+00
3.1457280000e+00;1.0024219178e+00;1.0002403057e+00;1.0000370528e+00;1.0001003746e+00;1.0000892445e+00;9.9997289769e-01;9.9999309889e-01;9.9991098179e-01;9.9993487486e-01;1.0000560763e+00;1.0000474102e+00;1.0000303589e+00;1.0000207782e+00;9.9993153047e-01;9.9990511252e-01;9.9992043496e-01;9.9999403717e-01;1.0000141484e+00;1.0000728207e+00;1.0000563036e+00
3.3554432000e+00;1.0023782791e+00;1.0002100373e+00;1.0001305350e+00;1.0001084991e+00;9.9995110431e-01;9.9994332105e-01;1.0000317493e+00;9.9997663369e-01;1.0001148135e+00;1.0000041648e+00;9.9994150912e-01;9.9999816421e-01;1.0000478954e+00;1.0000264422e+00;1.0000371987e+00;1.0001886775e+00;9.9991262149e-01;1.0000353363e+00;1.0000354111e+00;1.0001304010e+00
3.7748736000e+00;1.0022461869e+00;1.0001909178e+00;1.0001147679e+00;1.0000854218e+00;1.0000427548e+00;1.0000369137e+00;9.9999580139e-01;9.9999102605e-01;1.0000072120e+00;1.0000007273e+00;9.9993834997e-01;1.0000234952e+00;9.9997099442e-01;9.9997549665e-01;1.0000380964e+00;1.0000795502e+00;1.0000519955e+00;1.0000207719e+00;9.9988992428e-01;1.0000951359e+00
4.1943040000e+00;1.0020755588e+00;1.0002077182e+00;1.0001318410e+00;1.0000062876e+00;1.0000062363e+00;9.9994686157e-01;9.9999950124e-01;1.0000453024e+00;1.0000056360e+00;9.9993325629e-01;1.0000196440e+00;9.9995939330e-01;9.9999404899e-01;9.9995874443e-01;9.9996437149e-01;1.0000094162e+00;9.9993028321e-01;1.0000566661e+00;9.9989630514e-01;9.9995580494e-01
4.6137344000e+00;1.0019832456e+00;1.0001816235e+00;1.0001413659e+00;1.0000685001e+00;1.0000641830e+00;9.9998946474e-01;9.9994960704e-01;1.0000272936e+00;9.9999791198e-01;1.0000269465e+00;1.0000321750e+00;9.9998166170e-01;1.0000291374e+00;1.0000261532e+00;1.0000135022e+00;9.9999327864e-01;1.0000087792e+00;1.0000053535e+00;9.9992691806e-01;9.9994633091e-01
5.0331648000e+00;1.0018384639e+00;1.0001683430e+00;1.0001173829e+00;9.9999456688e-01;1.0000508175e+00;9.9998645571e-01;9.9998701681e-01;1.0000059645e+00;1.0000626167e+00;1.0000117744e+00;1.0000054061e+00;9.9999865219e-01;9.9999158781e-01;9.9998771824e-01;1.0000622793e+00;1.0000614151e+00;9.9999101204e-01;9.9997166724e-01;9.9999587420e-01;9.9990961121e-01
5.4525952000e+00;1.0016898911e+00;1.0002046479e+00;1.0000587359e+00;1.0000141599e+00;1.0000371201e+00;9.9997246973e-01;9.9997215866e-01;9.9996077202e-01;1.0000563125e+00;1.0000656526e+00;9.9994654361e-01;1.0000580437e+00;1.0000433731e+00;1.0000210103e+00;9.9998647890e-01;1.0000190297e+00;1.0000227667e+00;9.9996733679e-01;9.9998322231e-01;9.9996892132e-01
5.8720256000e+00;1.0016207684e+00;1.0001484446e+00;1.0000415018e+00;1.0000764347e+00;9.9992152388e-01;9.9999374530e-01;1.0000452169e+00;1.0000423373e+00;9.9993622677e-01;9.9999509774e-01;9.9999477196e-01;1.0000699713e+00;9.9994583968e-01;9.9996006920e-01;9.9993720085e-01;9.9987119833e-01;9.9993862360e-01;1.0000308315e+00;1.0000892289e+00;1.0000475991e+00
6.2914560000e+00;1.0014575114e+00;1.0002228268e+00;1.0000433279e+00;1.0000535070e+00;9.9999575808e-01;1.0000129408e+00;1.0000159008e+00;9.9996089781e-01;9.9997667373e-01;1.0000418794e+00;1.0000079718e+00;9.9998025178e-01;1.0000341581e+00;9.9996756872e-01;9.9996815610e-01;9.9991675278e-01;9.9997957270e-01;9.9997685105e-01;9.9999267093e-01;1.0000037078e+00
6.7108864000e+00;1.0012716361e+00;1.0001180932e+00;1.0000500088e+00;1.0001571634e+00;9.9995380185e-01;9.9999698001e-01;9.9995894506e-01;9.9994284745e-01;9.9999992433e-01;9.9993873156e-01;1.0000647793e+00;9.9994514729e-01;1.0000290204e+00;1.0000131809e+00;9.9998702656e-01;9.9994268026e-01;9.9998345127e-01;9.9997581614e-01;1.0000418463e+00;1.0000011192e+00
7.5497472000e+00;1.0009478587e+00;1.0000864872e+00;1.0000624230e+00;1.0000809978e+00;9.9996960633e-01;9.9999468048e-01;9.9999385005e-01;1.0000168660e+00;9.9997458229e-01;9.9997994735e-01;9.9995540147e-01;1.0000873016e+00;9.9999193740e-01;9.9996113252e-01;9.9996578729e-01;9.9995599296e-01;9.9998751879e-01;9.9997948468e-01;9.9999745495e-01;1.0000175038e+00
8.3886080000e+00;1.0005088005e+00;1.0000947587e+00;1.0000980212e+00;1.0000454597e+00;9.9998662455e-01;1.0000146751e+00;1.0000195705e+00;9.9999717308e-01;1.0000276727e+00;1.0000206286e+00;1.0000636436e+00;9.9997105011e-01;9.9998545486e-01;9.9998596246e-01;1.0000011761e+00;9.9996015742e-01;9.9997025463e-01;9.9999956913e-01;9.9997528669e-01;9.9997297793e-01
9.2274688000e+00;1.0001609313e+00;1.0000472081e+00;1.0000740457e+00;1.0000210452e+00;1.0000275544e+00;9.9999031404e-01;1.0000226273e+00;9.9999141715e-01;1.0000128576e+00;9.9998129775e-01;9.9998876437e-01;1.0000073034e+00;1.0000475479e+00;1.0000370087e+00;1.0000268340e+00;9.9997659484e-01;9.9998276131e-01;9.9996261799e-01;9.9996818632e-01;9.9993280529e-01
1.0066329600e+01;9.9997682083e-01;1.0000076786e+00;9.9999005021e-01;1.0000517971e+00;9.9996400930e-01;1.0000045140e+00;9.9999809961e-01;9.9999219303e-01;9.9998821730e-01;9.9997568697e-01;9.9990003989e-01;9.9990337407e-01;1.0000193860e+00;9.9996529682e-01;9.9998648978e-01;9.9993112533e-01;1.0000390096e+00;1.0000822577e+00;1.0000086132e+00;1.0000106187e+00
1.0905190400e+01;9.9967933850e-01;1.0000097292e+00;1.0000543088e+00;9.9997373120e-01;9.9997787834e-01;1.0000220593e+00;9.9997940896e-01;1.0000040404e+00;9.9998854270e-01;1.0000246117e+00;1.0000548012e+00;9.9999959588e-01;9.9998242703e-01;9.9996368717e-01;9.9998258698e-01;9.9993628914e-01;9.9995777982e-01;9.9998078549e-01;9.9995474732e-01;1.0000218884e+00
1.1744051200e+01;9.9944465313e-01;9.9997960432e-01;1.0000261999e+00;9.9996638565e-01;9.9995031863e-01;1.0000093759e+00;1.0000164702e+00;9.9996585662e-01;9.9995730316e-01;9.9999253021e-01;1.0000449706e+00;9.9994866863e-01;9.9991288653e-01;9.9990473604e-01;1.0000315995e+00;9.9996514269e-01;1.0000421549e+00;9.9991440740e-01;9.9998454026e-01;9.9998048258e-01
1.2582912000e+01;9.9906893216e-01;9.9998555103e-01;9.9998186151e-01;9.9997594459e-01;9.9995647502e-01;9.9997170655e-01;9.9999570994e-01;1.0000142641e+00;1.0000063752e+00;9.9994021145e-01;9.9999606093e-01;1.0000669860e+00;1.0000236603e+00;9.9999527312e-01;9.9999439467e-01;1.0000090172e+00;1.0000393110e+00;9.9999230129e-01;9.9997884328e-01;9.9993767591e-01
1.3421772800e+01;9.9860590638e-01;9.9990331371e-01;9.9995114210e-01;9.9999527874e-01;1.0000581822e+00;9.9999640871e-01;9.9995100995e-01;1.0000138615e+00;9.9998928650e-01;9.9994106760e-01;1.0000100877e+00;1.0000702099e+00;9.9998040454e-01;1.0000124159e+00;9.9998152923e-01;9.9996733226e-01;1.0000092984e+00;1.0000520834e+00;1.0000130327e+00;1.0000708883e+00
1.5099494400e+01;9.9787587612e-01;9.9980399583e-01;9.9991746222e-01;9.9998022495e-01;1.0000017671e+00;9.9999747610e-01;1.0000199632e+00;9.9998786915e-01;9.9995409503e-01;9.9998438550e-01;9.9996222695e-01;9.9994519076e-01;1.0000148270e+00;1.0000355324e+00;1.0000131981e+00;1.0000158243e+00;1.0000135471e+00;9.9992147569e-01;1.0000059644e+00;1.0000276744e+00
1.6777216000e+01;9.9738891831e-01;9.9979056958e-01;9.9988480879e-01;9.9989785561e-01;1.0000380531e+00;1.0000313229e+00;9.9998369801e-01;1.0000157427e+00;1.0000083378e+00;9.9996500640e-01;9.9998096542e-01;9.9994462472e-01;9.9997528769e-01;9.9996166818e-01;1.0000132282e+00;1.0000343139e+00;9.9999094549e-01;1.0000363540e+00;1.0000605866e+00;9.9992497262e-01
1.8454937600e+01;9.9709855019e-01;9.9969251285e-01;9.9978737982e-01;9.9985080348e-01;1.0000199352e+00;1.0000125380e+00;1.0000335576e+00;9.9997092723e-01;1.0000234381e+00;1.0000105071e+00;1.0000340276e+00;1.0000312506e+00;9.9999927048e-01;1.0000360687e+00;9.9996413372e-01;9.9998892186e-01;9.9990597743e-01;9.9999370516e-01;1.0000726219e+00;1.0000073406e+00
2.0132659200e+01;9.9641364240e-01;9.9959269022e-01;9.9991244154e-01;9.9984835230e-01;9.9989176764e-01;9.9997278779e-01;9.9995432788e-01;9.9998501709e-01;9.9996264946e-01;1.0000030096e+00;1.0000084174e+00;1.0000342602e+00;9.9997857172e-01;1.0000556154e+00;1.0000238464e+00;1.0000512920e+00;9.9993059443e-01;9.9996877484e-01;1.0000230428e+00;9.9990256147e-01
2.1810380800e+01;9.9550962348e-01;9.9956369886e-01;9.9979271495e-01;9.9982503174e-01;9.9988989143e-01;9.9997005396e-01;1.0000066951e+00;1.0000023774e+00;1.0000012797e+00;9.9998934573e-01;9.9996728851e-01;9.9995173617e-01;9.9993611961e-01;9.9999329205e-01;9.9994029312e-01;1.0000506798e+00;1.0000216333e+00;1.0000086576e+00;9.9996865088e-01;1.0000020752e+00
2.3488102400e+01;9.9533206549e-01;9.9951795869e-01;9.9971770498e-01;9.9969092777e-01;9.9987899161e-01;9.9994647720e-01;9.9995170557e-01;9.9994522267e-01;9.9999573858e-01;1.0000264886e+00;9.9998221127e-01;9.9994870300e-01;1.0000242308e+00;9.9999075097e-01;1.0000987027e+00;1.0000151026e+00;9.9996746548e-01;1.0000547363e+00;9.9991696753e-01;9.9997362696e-01
2.5165824000e+01;9.9419479323e-01;9.9949260709e-01;9.9965760107e-01;9.9954870373e-01;9.9979182233e-01;1.0000400054e+00;1.0000275710e+00;9.9990534803e-01;9.9994858722e-01;1.0000128565e+00;1.0000614602e+00;1.0000527919e+00;9.9998580543e-01;9.9986109088e-01;9.9994719786e-01;9.9995318192e-01;9.9994471377e-01;9.9983992108e-01;9.9999214698e-01;1.0000551894e+00
2.6843545600e+01;9.9275223453e-01;9.9918696393e-01;9.9932715344e-01;9.9950881400e-01;9.9987013916e-01;9.9996951259e-01;9.9990838317e-01;9.9979134546e-01;1.0000142139e+00;9.9999887414e-01;9.9996967324e-01;1.0000680492e+00;9.9992736297e-01;9.9992759147e-01;9.9996221788e-01;9.9995267373e-01;1.0001559550e+00;1.0002258165e+00;9.9996781616e-01;9.9993926688e-01
